ID,Lat,Lon,Year,Jan,Feb,Mar,Apr,May,Jun,Jul,Aug,Sep,Oct,Nov,Dec
ANTSIRANANA,-12.35,49.3,1986,517.9,163.0,213.5,28.0,11.8,8.6,10.8,11.6,5.6,19.7,36.1,380.2
ANTSIRANANA,-12.35,49.3,1987,382.7,355.2,156.7,116.7,18.1,12.5,14.4,14.4,6.3,13.8,52.5,41.5
ANTSIRANANA,-12.35,49.3,1988,398.8,327.3,210.3,46.6,10.9,20.1,17.0,10.6,0.0,11.6,26.4,163.4
ANTSIRANANA,-12.35,49.3,1989,749.6,313.8,112.0,47.7,18.1,28.5,12.5,19.7,6.7,13.5,13.8,289.7
ANTSIRANANA,-12.35,49.3,1990,223.3,337.4,37.5,110.5,15.8,10.9,11.6,14.7,6.2,13.8,26.8,112.4
ANTSIRANANA,-12.35,49.3,1991,309.0,380.3,285.9,152.4,9.3,17.1,19.0,12.4,10.4,19.9,45.5,450.0
ANTSIRANANA,-12.35,49.3,1992,244.8,356.7,156.1,115.4,45.6,10.1,8.3,10.8,6.7,11.2,34.5,59.9
ANTSIRANANA,-12.35,49.3,1993,200.2,336.5,111.0,54.8,8.9,14.0,18.8,25.6,6.2,8.9,16.8,39.4
ANTSIRANANA,-12.35,49.3,1994,340.9,290.3,373.0,26.5,17.7,19.7,13.3,32.8,9.1,35.8,13.6,206.1
ANTSIRANANA,-12.35,49.3,1995,493.2,325.6,93.6,88.5,30.8,9.4,16.6,27.7,0.0,12.8,17.9,133.5
ANTSIRANANA,-12.35,49.3,1996,352.2,211.1,111.6,61.4,12.4,11.8,10.8,12.0,0.0,20.6,13.3,120.0
ANTSIRANANA,-12.35,49.3,1997,375.5,485.8,53.6,43.2,18.7,22.5,22.3,12.6,0.0,8.5,30.8,73.2
ANTSIRANANA,-12.35,49.3,1998,265.8,300.5,133.7,86.6,8.4,10.2,18.7,8.3,9.4,8.5,9.1,122.7
ANTSIRANANA,-12.35,49.3,1999,200.9,120.5,196.0,32.9,7.5,17.4,16.6,20.7,6.8,9.4,25.5,129.5
ANTSIRANANA,-12.35,49.3,2000,163.5,303.7,192.6,44.0,7.7,22.2,22.8,13.8,14.8,22.8,16.0,110.6
ANTSIRANANA,-12.35,49.3,2001,183.7,225.6,147.6,21.6,9.6,17.5,9.3,25.8,0.0,15.9,11.2,71.4
ANTSIRANANA,-12.35,49.3,2002,306.9,227.1,227.4,29.2,45.5,42.2,17.2,16.4,9.5,9.9,85.6,160.9
ANTSIRANANA,-12.35,49.3,2003,230.9,465.0,315.6,67.5,13.4,12.0,28.1,8.5,7.2,10.9,12.0,301.4
ANTSIRANANA,-12.35,49.3,2004,655.1,126.6,183.7,49.9,9.7,34.7,33.4,15.3,7.4,12.6,16.1,174.2
ANTSIRANANA,-12.35,49.3,2005,278.5,205.5,138.2,63.1,14.5,20.3,20.9,13.5,8.9,9.2,13.6,157.6
ANTSIRANANA,-12.35,49.3,2006,297.9,335.9,214.0,35.5,12.2,15.8,25.3,8.9,0.0,11.3,113.1,384.1
ANTSIRANANA,-12.35,49.3,2007,230.1,333.2,188.2,33.7,10.1,9.8,14.6,11.1,10.9,12.7,16.3,157.8
ANTSIRANANA,-12.35,49.3,2008,361.0,226.7,153.1,23.8,5.8,10.1,9.4,10.6,6.2,19.9,28.9,124.1
ANTSIRANANA,-12.35,49.3,2009,183.5,169.7,184.9,96.1,11.3,34.9,13.6,28.5,11.7,12.6,70.3,61.1
ANTSIRANANA,-12.35,49.3,2010,279.1,202.4,175.1,30.7,12.4,37.7,9.7,19.8,10.0,20.9,78.9,48.9
ANTSIRANANA,-12.35,49.3,2011,183.7,244.6,165.0,75.0,9.1,16.0,11.3,8.6,10.3,8.5,14.5,82.0
ANTSIRANANA,-12.35,49.3,2012,397.5,148.6,226.3,164.0,11.9,13.4,16.1,18.0,6.9,7.7,27.2,127.1
ANTSIRANANA,-12.35,49.3,2013,490.9,291.0,61.8,54.2,7.9,11.0,13.5,13.5,12.9,16.8,15.7,293.5
ANTSIRANANA,-12.35,49.3,2014,321.9,444.7,190.6,46.1,8.5,14.1,14.1,16.2,0.0,15.6,41.6,77.3
ANTSIRANANA,-12.35,49.3,2015,336.2,205.0,102.6,39.7,16.0,11.0,14.4,23.5,0.0,11.7,37.2,255.1
ANTSIRANANA,-12.35,49.3,2016,444.2,511.4,153.3,91.6,11.4,18.9,15.1,8.4,6.3,12.1,36.2,22.7
ANTSIRANANA,-12.35,49.3,2017,220.7,238.4,433.3,31.6,9.2,17.3,14.5,14.4,0.0,8.4,42.3,250.0
ANTSIRANANA,-12.35,49.3,2018,388.4,292.9,524.3,55.5,10.0,14.2,9.9,12.6,5.2,8.5,54.5,117.4
ANTSIRANANA,-12.35,49.3,2019,541.9,379.8,115.0,104.4,12.1,11.8,8.6,13.8,0.0,8.9,106.6,446.6
ANTSIRANANA,-12.35,49.3,2020,327.6,245.5,188.8,49.7,20.2,51.8,34.1,15.5,2.2,14.2,25.5,134.7
ANTSIRANANA,-12.35,49.3,2021,334.8,433.7,225.2,111.4,20.4,14.8,19.0,12.2,5.4,12.6,25.2,44.3
ANTSIRANANA,-12.35,49.3,2022,402.9,297.0,263.2,138.4,7.0,12.3,19.3,12.6,11.5,8.5,10.0,115.4
ANTSIRANANA,-12.35,49.3,2023,163.0,236.6,120.9,102.1,16.6,16.0,12.6,0.0,5.0,9.3,37.5,73.1
ANALALAVA,-14.633,47.767,1986,506.8,275.8,117.0,92.6,33.3,0.0,0.0,0.0,15.2,140.8,91.6,404.5
ANALALAVA,-14.633,47.767,1987,460.2,657.1,158.1,103.8,15.8,4.1,0.0,0.0,14.4,32.6,81.2,255.9
ANALALAVA,-14.633,47.767,1988,548.8,361.0,108.6,50.0,11.3,5.2,0.0,0.0,15.2,44.3,40.6,392.9
ANALALAVA,-14.633,47.767,1989,533.5,330.1,178.9,81.7,23.7,6.5,0.0,0.0,16.3,32.9,77.4,230.5
ANALALAVA,-14.633,47.767,1990,448.8,396.6,60.4,261.9,32.3,5.6,0.0,0.0,15.2,25.9,110.3,207.9
ANALALAVA,-14.633,47.767,1991,362.7,408.8,329.3,218.2,12.0,5.6,0.0,0.0,15.2,27.9,189.0,298.8
ANALALAVA,-14.633,47.767,1992,503.6,482.9,183.5,55.5,14.8,5.5,0.0,0.0,15.2,27.3,163.6,150.6
ANALALAVA,-14.633,47.767,1993,416.6,589.8,271.4,57.6,11.0,5.5,0.0,5.2,15.2,18.8,109.7,173.3
ANALALAVA,-14.633,47.767,1994,522.5,304.5,330.6,14.8,12.4,5.1,0.0,0.0,14.9,53.8,58.4,248.8
ANALALAVA,-14.633,47.767,1995,685.9,397.0,126.1,115.0,23.1,5.4,0.0,0.0,15.2,23.6,101.0,357.9
ANALALAVA,-14.633,47.767,1996,500.8,383.7,218.8,78.1,13.9,5.5,0.0,0.0,15.2,26.9,79.6,334.5
ANALALAVA,-14.633,47.767,1997,537.4,415.8,96.3,135.5,14.4,5.6,0.0,0.0,15.2,58.2,93.4,169.9
ANALALAVA,-14.633,47.767,1998,376.6,545.3,87.9,80.6,9.8,0.0,0.0,0.0,15.2,19.7,51.3,255.0
ANALALAVA,-14.633,47.767,1999,399.5,291.1,217.9,59.3,28.0,0.0,0.0,0.0,15.2,22.5,100.1,224.5
ANALALAVA,-14.633,47.767,2000,350.4,321.3,146.8,44.7,12.9,5.7,0.0,0.0,15.2,34.2,109.4,325.6
ANALALAVA,-14.633,47.767,2001,457.5,346.8,221.0,39.0,13.2,5.5,0.0,0.0,15.2,72.4,63.9,203.4
ANALALAVA,-14.633,47.767,2002,324.5,365.1,219.3,24.3,67.5,5.5,0.0,0.0,17.9,22.3,93.9,309.1
ANALALAVA,-14.633,47.767,2003,590.0,390.9,333.8,96.0,18.1,0.0,6.3,0.0,12.7,46.1,91.6,444.8
ANALALAVA,-14.633,47.767,2004,703.4,202.8,228.6,76.6,13.0,5.3,0.0,0.0,15.2,78.2,141.7,328.1
ANALALAVA,-14.633,47.767,2005,416.9,255.0,223.4,80.1,19.3,5.1,0.0,0.0,14.6,15.2,101.8,598.0
ANALALAVA,-14.633,47.767,2006,353.9,462.1,219.4,97.4,19.0,7.1,0.0,0.0,15.2,24.1,187.8,373.2
ANALALAVA,-14.633,47.767,2007,346.3,457.9,194.7,32.1,12.5,0.0,0.0,0.0,15.2,28.0,171.6,220.4
ANALALAVA,-14.633,47.767,2008,468.3,490.6,170.9,24.0,14.6,0.0,0.0,0.0,15.2,40.8,153.9,262.1
ANALALAVA,-14.633,47.767,2009,313.7,343.8,266.4,96.4,11.1,0.0,0.0,0.0,12.9,26.9,113.3,222.7
ANALALAVA,-14.633,47.767,2010,508.6,220.0,276.6,43.8,13.7,0.0,0.0,0.0,12.1,25.4,174.1,286.6
ANALALAVA,-14.633,47.767,2011,568.3,524.9,320.2,100.1,15.8,5.8,0.0,0.0,12.9,23.1,116.2,275.4
ANALALAVA,-14.633,47.767,2012,555.2,297.8,138.1,226.8,18.9,6.0,0.0,0.0,10.2,73.9,101.5,295.0
ANALALAVA,-14.633,47.767,2013,576.0,278.8,112.3,69.4,12.0,0.0,0.0,0.0,16.5,40.9,99.5,427.0
ANALALAVA,-14.633,47.767,2014,476.4,406.4,173.7,24.2,10.0,0.0,5.3,0.0,10.3,17.6,131.9,309.3
ANALALAVA,-14.633,47.767,2015,616.1,365.0,149.9,39.3,14.8,5.8,0.0,0.0,10.2,42.8,78.8,345.6
ANALALAVA,-14.633,47.767,2016,466.0,590.5,138.1,22.2,15.8,5.4,5.3,0.0,15.7,58.5,109.2,168.4
ANALALAVA,-14.633,47.767,2017,297.3,386.2,532.7,87.7,12.9,6.7,0.0,0.0,11.0,62.6,129.7,431.8
ANALALAVA,-14.633,47.767,2018,903.0,322.4,497.1,80.8,11.8,0.0,0.0,1.1,10.6,20.8,101.2,421.7
ANALALAVA,-14.633,47.767,2019,728.3,353.5,208.5,203.1,43.3,5.7,0.0,0.0,8.6,26.9,218.3,506.9
ANALALAVA,-14.633,47.767,2020,438.0,347.3,146.2,25.7,22.9,6.2,1.8,0.0,15.7,101.8,108.7,274.5
ANALALAVA,-14.633,47.767,2021,430.5,375.3,234.0,176.9,41.2,6.1,0.0,8.2,10.5,15.7,166.9,242.6
ANALALAVA,-14.633,47.767,2022,412.5,300.1,229.8,95.5,10.8,1.1,0.0,0.0,15.7,56.6,74.7,279.2
ANALALAVA,-14.633,47.767,2023,567.7,326.0,155.7,115.5,17.2,0.0,0.0,0.0,15.7,64.7,60.0,257.3
ANTANANARIVO/IVATO,-18.8,47.483,1986,274.5,306.5,166.1,35.4,24.7,0.0,18.2,7.7,0.0,212.1,133.8,292.9
ANTANANARIVO/IVATO,-18.8,47.483,1987,328.4,290.5,219.8,32.9,8.8,0.0,8.3,5.5,0.0,63.1,140.0,108.5
ANTANANARIVO/IVATO,-18.8,47.483,1988,360.4,273.7,105.1,40.4,16.7,0.0,9.8,0.0,0.0,64.7,113.0,257.0
ANTANANARIVO/IVATO,-18.8,47.483,1989,278.3,288.8,198.2,24.6,26.3,5.0,7.2,6.1,0.0,29.3,158.2,394.3
ANTANANARIVO/IVATO,-18.8,47.483,1990,325.4,212.0,106.1,55.2,11.2,0.0,9.1,0.0,0.0,96.8,127.1,209.2
ANTANANARIVO/IVATO,-18.8,47.483,1991,146.7,295.6,296.7,98.0,15.3,9.1,9.1,0.0,0.0,44.6,162.1,186.5
ANTANANARIVO/IVATO,-18.8,47.483,1992,531.2,287.7,186.8,33.9,9.7,6.7,5.5,7.8,0.0,43.3,189.3,124.2
ANTANANARIVO/IVATO,-18.8,47.483,1993,186.5,298.8,233.9,54.2,11.6,6.4,9.1,0.0,0.0,60.3,110.9,280.9
ANTANANARIVO/IVATO,-18.8,47.483,1994,468.5,243.9,269.0,47.6,20.1,5.5,5.9,7.4,0.0,82.7,50.2,240.2
ANTANANARIVO/IVATO,-18.8,47.483,1995,392.5,367.0,110.0,61.4,15.9,0.0,6.2,0.0,0.0,15.7,83.6,313.3
ANTANANARIVO/IVATO,-18.8,47.483,1996,417.8,301.5,145.8,20.6,10.0,0.0,6.2,7.1,0.0,19.5,37.2,337.7
ANTANANARIVO/IVATO,-18.8,47.483,1997,413.2,454.0,132.6,53.2,24.5,0.0,11.6,5.5,9.0,115.5,128.1,396.0
ANTANANARIVO/IVATO,-18.8,47.483,1998,355.2,470.3,166.5,33.6,14.0,0.0,7.1,7.4,4.8,58.4,78.2,526.2
ANTANANARIVO/IVATO,-18.8,47.483,1999,321.8,132.4,160.1,15.6,16.6,0.0,8.3,7.4,0.0,54.2,117.2,167.9
ANTANANARIVO/IVATO,-18.8,47.483,2000,259.5,268.0,159.5,23.9,8.2,0.0,10.6,0.0,0.0,113.4,253.3,311.4
ANTANANARIVO/IVATO,-18.8,47.483,2001,518.2,193.1,118.7,31.8,9.1,0.0,5.8,5.1,0.0,42.2,119.1,316.4
ANTANANARIVO/IVATO,-18.8,47.483,2002,189.6,373.3,184.1,49.3,30.9,0.0,6.2,0.0,6.1,44.6,195.6,305.3
ANTANANARIVO/IVATO,-18.8,47.483,2003,551.5,158.9,266.5,21.7,19.4,0.0,6.8,0.0,23.2,31.5,144.9,182.4
ANTANANARIVO/IVATO,-18.8,47.483,2004,361.1,228.5,171.3,18.3,18.2,0.0,5.8,0.0,0.0,75.5,158.7,399.5
ANTANANARIVO/IVATO,-18.8,47.483,2005,254.2,327.0,240.1,38.0,27.0,0.0,18.2,0.0,0.0,20.1,203.0,457.9
ANTANANARIVO/IVATO,-18.8,47.483,2006,251.9,180.9,189.0,53.5,20.4,5.1,15.7,0.0,0.0,61.6,222.8,304.0
ANTANANARIVO/IVATO,-18.8,47.483,2007,587.7,445.2,122.2,50.0,22.7,0.0,16.3,0.0,0.0,64.4,143.4,191.7
ANTANANARIVO/IVATO,-18.8,47.483,2008,305.7,268.0,85.4,44.0,15.0,6.3,7.5,0.0,7.7,81.5,157.8,214.2
ANTANANARIVO/IVATO,-18.8,47.483,2009,357.3,214.9,213.8,110.9,7.7,0.0,8.2,5.3,8.1,101.9,109.1,249.2
ANTANANARIVO/IVATO,-18.8,47.483,2010,364.8,244.0,280.7,11.9,13.9,6.9,6.7,0.0,0.0,46.6,129.9,155.1
ANTANANARIVO/IVATO,-18.8,47.483,2011,310.5,284.4,223.6,98.8,25.0,0.0,5.2,0.0,0.0,148.2,124.7,189.1
ANTANANARIVO/IVATO,-18.8,47.483,2012,250.3,436.9,165.0,122.2,17.4,0.0,6.6,0.0,5.8,44.9,160.0,212.5
ANTANANARIVO/IVATO,-18.8,47.483,2013,366.8,291.2,279.6,15.4,15.2,0.0,0.0,8.0,9.1,159.6,170.5,395.1
ANTANANARIVO/IVATO,-18.8,47.483,2014,393.4,188.1,159.6,8.6,9.6,0.0,5.0,8.5,6.6,12.9,223.8,314.5
ANTANANARIVO/IVATO,-18.8,47.483,2015,453.7,479.0,166.1,22.7,19.7,0.0,0.0,13.9,7.2,60.6,101.1,301.2
ANTANANARIVO/IVATO,-18.8,47.483,2016,349.2,228.7,223.9,11.2,11.4,6.5,0.0,7.9,6.5,51.3,117.9,130.3
ANTANANARIVO/IVATO,-18.8,47.483,2017,187.5,220.0,244.6,62.8,8.7,0.0,8.2,20.8,10.4,62.9,167.4,429.4
ANTANANARIVO/IVATO,-18.8,47.483,2018,450.4,392.2,114.1,43.6,8.9,0.0,0.0,7.5,7.8,41.0,103.8,276.9
ANTANANARIVO/IVATO,-18.8,47.483,2019,452.4,324.5,282.1,86.3,9.8,7.8,0.0,7.5,9.9,41.7,245.8,245.9
ANTANANARIVO/IVATO,-18.8,47.483,2020,421.4,337.7,152.0,23.4,13.3,0.0,0.0,7.5,7.3,58.5,75.2,217.2
ANTANANARIVO/IVATO,-18.8,47.483,2021,321.7,289.0,145.0,40.5,9.5,7.5,0.0,8.7,9.8,37.4,131.9,228.0
ANTANANARIVO/IVATO,-18.8,47.483,2022,582.4,209.2,266.6,25.8,8.0,0.0,0.0,8.4,5.2,40.0,176.2,277.0
ANTANANARIVO/IVATO,-18.8,47.483,2023,432.9,322.9,271.8,92.0,19.4,0.0,0.0,0.0,6.8,161.0,115.5,206.8
TOAMASINA,-18.117,49.4,1986,199.9,391.2,563.6,342.4,310.6,199.2,217.8,164.2,87.0,504.8,129.2,505.6
TOAMASINA,-18.117,49.4,1987,234.7,360.5,590.0,469.3,228.4,173.9,212.0,175.5,110.2,165.3,173.7,91.0
TOAMASINA,-18.117,49.4,1988,425.8,198.5,485.2,439.3,297.7,166.6,214.2,164.3,132.6,110.0,211.3,434.4
TOAMASINA,-18.117,49.4,1989,431.5,426.4,886.6,181.1,288.3,240.6,309.5,248.6,241.7,43.9,180.7,657.7
TOAMASINA,-18.117,49.4,1990,168.9,382.3,194.3,588.0,217.3,191.5,229.5,153.0,92.9,115.4,127.1,422.3
TOAMASINA,-18.117,49.4,1991,240.0,397.2,358.1,360.6,211.9,231.9,279.3,193.6,76.5,59.4,186.5,264.7
TOAMASINA,-18.117,49.4,1992,496.3,391.4,420.5,433.9,193.6,224.1,171.9,182.6,152.7,50.4,130.1,51.8
TOAMASINA,-18.117,49.4,1993,132.1,534.0,472.1,594.3,188.4,234.3,255.7,147.3,140.7,107.9,127.2,352.9
TOAMASINA,-18.117,49.4,1994,448.2,242.4,994.2,215.7,345.6,205.3,220.5,178.3,113.2,147.1,42.7,270.1
TOAMASINA,-18.117,49.4,1995,524.6,274.2,287.3,382.9,309.5,142.3,164.6,106.4,145.1,70.9,67.7,512.9
TOAMASINA,-18.117,49.4,1996,465.0,660.6,296.5,381.4,205.3,187.6,223.7,132.5,87.2,32.1,41.8,577.7
TOAMASINA,-18.117,49.4,1997,468.7,392.2,312.0,217.1,332.0,280.1,281.6,148.9,103.7,66.7,178.6,525.0
TOAMASINA,-18.117,49.4,1998,392.8,612.0,203.3,223.9,196.8,145.1,317.9,242.4,238.2,43.7,33.4,387.7
TOAMASINA,-18.117,49.4,1999,166.5,106.4,342.6,104.5,223.3,139.4,298.9,159.2,164.4,89.9,102.5,180.5
TOAMASINA,-18.117,49.4,2000,132.3,497.5,616.9,180.9,133.8,183.4,477.6,242.7,141.6,105.5,142.2,302.4
TOAMASINA,-18.117,49.4,2001,645.3,239.8,340.6,314.9,200.4,224.0,216.8,159.2,119.8,114.6,61.4,356.1
TOAMASINA,-18.117,49.4,2002,161.9,592.5,610.3,360.4,728.7,258.7,283.9,347.3,191.0,116.1,164.6,532.7
TOAMASINA,-18.117,49.4,2003,646.4,328.3,545.9,288.5,288.7,230.2,367.0,139.7,245.8,84.5,174.5,197.0
TOAMASINA,-18.117,49.4,2004,453.5,246.9,515.4,332.0,301.7,225.5,254.8,99.4,135.7,82.7,102.8,653.7
TOAMASINA,-18.117,49.4,2005,217.1,310.8,564.0,235.5,517.2,263.8,366.0,223.2,221.6,60.4,135.3,193.1
TOAMASINA,-18.117,49.4,2006,443.4,385.5,538.9,265.1,317.2,258.4,417.2,209.7,128.6,82.6,371.5,385.9
TOAMASINA,-18.117,49.4,2007,809.0,680.0,332.7,374.2,333.2,169.2,332.2,253.0,213.5,164.2,122.3,207.3
TOAMASINA,-18.117,49.4,2008,270.8,480.0,391.9,195.1,264.4,293.8,275.5,151.6,100.8,227.4,210.7,161.4
TOAMASINA,-18.117,49.4,2009,296.9,480.3,485.3,741.2,151.5,144.8,248.7,274.9,152.7,141.8,147.3,210.7
TOAMASINA,-18.117,49.4,2010,596.9,192.0,793.1,159.8,214.1,219.4,369.9,232.9,83.0,45.9,108.6,137.1
TOAMASINA,-18.117,49.4,2011,325.0,320.7,405.5,313.9,221.4,161.1,150.0,182.4,149.7,276.1,105.1,224.5
TOAMASINA,-18.117,49.4,2012,363.0,544.3,415.3,465.9,262.6,224.6,225.9,136.1,113.3,129.6,189.0,225.6
TOAMASINA,-18.117,49.4,2013,324.4,275.8,301.4,250.2,260.1,146.5,205.8,271.4,74.9,250.7,143.9,177.7
TOAMASINA,-18.117,49.4,2014,333.2,317.2,454.4,139.3,234.5,194.1,483.0,222.8,109.3,71.8,256.3,363.2
TOAMASINA,-18.117,49.4,2015,419.0,461.9,363.2,120.9,261.5,212.1,207.5,281.0,124.7,122.1,107.2,294.7
TOAMASINA,-18.117,49.4,2016,301.9,273.6,467.0,166.0,270.8,211.6,241.0,252.7,97.5,86.0,95.7,88.4
TOAMASINA,-18.117,49.4,2017,109.9,186.0,753.8,428.0,264.0,214.5,307.7,329.7,63.9,132.3,375.6,367.4
TOAMASINA,-18.117,49.4,2018,398.2,273.2,574.2,510.2,220.9,168.6,340.9,203.7,98.9,117.3,137.1,179.7
TOAMASINA,-18.117,49.4,2019,365.6,241.2,448.9,309.3,247.5,254.2,192.8,215.4,154.0,49.3,310.3,320.4
TOAMASINA,-18.117,49.4,2020,322.4,377.9,373.0,201.1,249.5,199.4,256.9,214.8,83.5,143.3,81.9,133.2
TOAMASINA,-18.117,49.4,2021,124.4,335.9,333.1,523.1,168.7,236.3,402.9,325.3,122.8,146.7,63.2,315.1
TOAMASINA,-18.117,49.4,2022,651.8,365.6,363.6,512.4,212.4,187.4,269.9,233.5,110.1,62.4,98.5,105.0
TOAMASINA,-18.117,49.4,2023,375.5,333.0,410.1,317.9,356.7,141.8,150.8,0.0,112.3,287.3,165.1,207.1
MANANJARY,-21.2,48.367,1986,81.3,590.4,378.3,129.2,140.9,154.6,88.7,105.6,75.1,220.1,144.4,341.1
MANANJARY,-21.2,48.367,1987,303.7,359.1,302.8,155.4,163.5,63.4,181.5,105.6,71.9,204.9,136.6,67.2
MANANJARY,-21.2,48.367,1988,332.2,283.1,283.1,368.4,200.0,146.2,147.5,99.9,77.2,230.7,175.5,233.1
MANANJARY,-21.2,48.367,1989,504.9,449.8,401.4,87.8,253.9,150.7,165.0,138.4,135.7,68.2,186.5,416.0
MANANJARY,-21.2,48.367,1990,354.6,307.7,207.7,357.1,164.7,111.6,75.3,174.0,106.9,118.2,70.3,197.3
MANANJARY,-21.2,48.367,1991,177.0,131.1,278.2,246.8,312.5,177.6,87.2,152.4,60.2,167.1,127.6,150.9
MANANJARY,-21.2,48.367,1992,584.8,190.5,203.4,141.4,230.5,182.5,82.8,155.9,81.8,84.2,159.8,144.4
MANANJARY,-21.2,48.367,1993,205.0,432.5,398.2,218.6,111.4,190.1,153.3,95.4,73.6,77.8,138.6,246.8
MANANJARY,-21.2,48.367,1994,503.4,425.8,508.8,142.0,242.1,171.7,129.7,272.6,92.2,161.6,83.0,199.9
MANANJARY,-21.2,48.367,1995,364.8,384.8,242.4,264.9,175.1,175.2,75.3,152.4,67.3,81.8,48.4,326.0
MANANJARY,-21.2,48.367,1996,542.9,447.2,450.0,117.0,165.3,174.9,75.3,152.4,99.8,100.4,56.3,331.7
MANANJARY,-21.2,48.367,1997,452.2,294.4,270.2,113.2,285.6,225.9,75.3,152.4,149.3,192.0,179.4,425.2
MANANJARY,-21.2,48.367,1998,302.1,756.0,84.7,139.7,176.3,175.1,75.3,152.4,103.3,83.3,63.8,410.1
MANANJARY,-21.2,48.367,1999,209.6,343.6,161.2,94.4,245.2,174.9,75.3,152.4,102.8,139.8,128.1,251.5
MANANJARY,-21.2,48.367,2000,301.0,472.2,479.5,83.5,124.0,174.9,75.3,152.4,63.3,136.8,103.1,296.8
MANANJARY,-21.2,48.367,2001,472.1,247.9,192.6,123.4,272.6,185.7,75.3,152.4,72.7,125.4,72.2,277.2
MANANJARY,-21.2,48.367,2002,156.5,375.5,394.4,225.5,324.8,214.5,71.1,147.0,111.3,86.4,156.9,265.5
MANANJARY,-21.2,48.367,2003,589.1,247.2,429.8,205.1,340.5,229.5,82.4,148.6,104.1,41.4,117.2,110.3
MANANJARY,-21.2,48.367,2004,390.2,231.1,376.1,133.6,176.2,180.7,105.8,77.3,121.1,148.4,97.1,233.8
MANANJARY,-21.2,48.367,2005,240.1,290.6,275.5,187.4,329.0,181.1,207.7,141.3,104.1,76.3,216.6,217.8
MANANJARY,-21.2,48.367,2006,243.6,179.0,268.3,213.0,204.3,165.3,113.5,140.8,82.8,70.9,269.7,178.7
MANANJARY,-21.2,48.367,2007,946.0,620.8,221.8,283.5,264.8,153.3,63.4,137.9,121.5,119.7,156.6,184.1
MANANJARY,-21.2,48.367,2008,373.5,443.3,161.5,268.3,328.9,194.4,74.8,152.4,118.9,137.1,157.1,169.9
MANANJARY,-21.2,48.367,2009,421.8,232.7,400.6,404.7,146.1,152.3,137.4,153.0,109.7,147.4,142.2,185.9
MANANJARY,-21.2,48.367,2010,389.0,220.4,833.6,126.2,231.8,218.3,100.6,147.4,65.4,81.9,94.3,114.5
MANANJARY,-21.2,48.367,2011,339.0,654.1,384.2,478.2,190.2,147.9,50.8,152.4,71.6,121.0,133.1,165.4
MANANJARY,-21.2,48.367,2012,427.7,289.9,482.0,417.3,230.4,212.0,76.1,58.5,136.1,114.1,144.1,190.9
MANANJARY,-21.2,48.367,2013,361.0,573.7,255.3,134.4,206.1,167.5,94.1,214.8,88.1,292.7,300.2,336.0
MANANJARY,-21.2,48.367,2014,500.2,259.2,310.0,121.3,196.8,185.3,81.3,175.5,115.9,179.0,275.9,300.3
MANANJARY,-21.2,48.367,2015,382.5,452.2,230.8,113.4,253.0,213.3,69.1,163.6,102.5,176.3,186.0,226.6
MANANJARY,-21.2,48.367,2016,177.3,302.4,379.5,67.1,173.3,189.0,79.3,165.7,84.7,157.3,143.3,130.7
MANANJARY,-21.2,48.367,2017,87.9,258.8,463.9,319.1,175.5,297.1,136.2,168.8,107.2,96.5,199.3,372.3
MANANJARY,-21.2,48.367,2018,396.4,323.4,457.2,332.7,191.1,190.6,96.3,166.9,107.6,122.7,179.7,142.2
MANANJARY,-21.2,48.367,2019,469.0,315.0,445.7,306.7,177.8,367.2,73.6,165.2,150.8,120.2,302.4,281.1
MANANJARY,-21.2,48.367,2020,327.2,230.6,343.7,240.1,191.0,189.0,80.2,160.4,113.2,122.1,56.0,219.0
MANANJARY,-21.2,48.367,2021,72.3,335.8,404.5,137.5,121.4,298.0,84.2,183.4,111.1,86.8,87.0,234.0
MANANJARY,-21.2,48.367,2022,495.2,434.2,410.6,157.9,144.8,351.4,101.0,169.0,94.5,86.6,110.2,139.8
MANANJARY,-21.2,48.367,2023,430.9,388.0,528.7,257.2,187.5,166.3,89.1,0.0,85.5,345.2,91.2,177.2
TOLIARA,-23.383,43.733,1986,69.1,78.8,39.5,7.2,11.8,11.2,0.0,0.0,5.2,25.4,34.4,54.1
TOLIARA,-23.383,43.733,1987,126.5,57.2,24.6,27.5,6.7,20.2,7.7,0.0,13.8,8.4,10.3,39.8
TOLIARA,-23.383,43.733,1988,91.5,103.2,56.5,10.3,8.3,8.1,0.0,0.0,6.1,8.5,6.6,75.1
TOLIARA,-23.383,43.733,1989,66.9,142.5,66.2,6.8,35.8,19.4,5.6,0.0,10.5,14.7,8.7,127.7
TOLIARA,-23.383,43.733,1990,107.7,113.3,18.4,22.1,16.3,26.6,0.0,0.0,6.5,7.2,22.8,48.5
TOLIARA,-23.383,43.733,1991,96.3,103.4,22.0,16.4,9.9,11.5,7.0,0.0,0.0,7.0,18.7,54.9
TOLIARA,-23.383,43.733,1992,45.1,26.3,10.5,5.2,8.5,8.2,5.7,0.0,5.0,5.9,55.6,97.3
TOLIARA,-23.383,43.733,1993,193.0,85.1,13.9,6.9,8.7,7.2,0.0,6.1,0.0,8.9,0.0,74.2
TOLIARA,-23.383,43.733,1994,67.3,37.0,25.8,26.3,10.9,9.3,5.8,8.4,0.0,24.6,21.4,65.0
TOLIARA,-23.383,43.733,1995,97.9,82.5,10.7,8.6,10.1,6.2,0.0,0.0,0.0,7.6,19.9,121.4
TOLIARA,-23.383,43.733,1996,120.7,80.6,88.7,6.8,7.8,7.3,7.3,0.0,0.0,0.0,6.9,80.6
TOLIARA,-23.383,43.733,1997,168.2,127.0,21.3,10.3,30.9,6.4,5.5,0.0,12.6,18.7,23.2,61.5
TOLIARA,-23.383,43.733,1998,63.8,157.0,11.6,8.3,13.8,14.3,0.0,5.1,0.0,7.0,17.7,193.3
TOLIARA,-23.383,43.733,1999,189.0,210.1,48.0,17.3,10.4,16.0,4.8,0.0,7.2,0.0,5.9,195.8
TOLIARA,-23.383,43.733,2000,98.6,166.9,37.5,5.2,13.3,7.9,0.0,0.0,5.6,0.0,41.1,81.3
TOLIARA,-23.383,43.733,2001,121.7,45.0,83.1,8.7,14.7,9.1,0.0,0.0,0.0,9.8,11.3,110.2
TOLIARA,-23.383,43.733,2002,59.6,79.8,23.9,12.5,7.9,11.2,6.1,0.0,19.9,5.6,0.0,36.4
TOLIARA,-23.383,43.733,2003,118.1,67.5,30.8,19.3,6.8,8.8,0.0,0.0,6.9,8.3,8.6,111.3
TOLIARA,-23.383,43.733,2004,44.8,77.6,53.9,16.1,6.5,12.1,6.7,0.0,12.8,5.1,21.9,139.6
TOLIARA,-23.383,43.733,2005,309.3,20.1,31.2,16.9,11.3,12.3,5.5,0.0,9.4,9.1,14.6,72.1
TOLIARA,-23.383,43.733,2006,73.2,70.0,22.5,8.7,6.9,9.0,5.1,0.0,8.0,5.2,0.0,71.0
TOLIARA,-23.383,43.733,2007,198.7,93.8,18.3,35.5,18.0,10.8,5.3,0.0,7.6,3.0,7.7,65.9
TOLIARA,-23.383,43.733,2008,106.5,101.2,38.0,9.3,12.2,15.7,5.3,0.0,6.7,6.1,15.7,41.3
TOLIARA,-23.383,43.733,2009,83.2,46.7,92.8,8.3,10.7,8.7,0.0,0.0,5.9,5.0,4.4,52.1
TOLIARA,-23.383,43.733,2010,26.2,60.3,32.2,9.9,25.9,18.7,4.5,0.0,6.5,15.3,4.9,69.7
TOLIARA,-23.383,43.733,2011,189.3,53.3,30.0,14.8,6.7,11.6,5.8,0.0,6.3,5.3,4.6,30.9
TOLIARA,-23.383,43.733,2012,170.4,59.8,36.1,16.5,7.7,12.0,5.3,6.2,6.2,13.9,14.7,70.6
TOLIARA,-23.383,43.733,2013,75.6,195.8,24.2,6.6,13.8,11.0,6.0,6.3,8.4,19.9,16.7,49.8
TOLIARA,-23.383,43.733,2014,178.7,86.5,19.8,12.2,16.1,10.7,6.3,6.3,5.2,11.5,11.3,45.5
TOLIARA,-23.383,43.733,2015,138.4,166.8,23.3,6.9,14.0,10.6,6.1,6.3,10.1,20.7,20.6,67.9
TOLIARA,-23.383,43.733,2016,23.9,41.6,71.8,8.3,12.4,11.3,5.8,0.0,0.0,9.0,16.3,62.5
TOLIARA,-23.383,43.733,2017,95.8,74.8,28.7,20.6,27.0,12.0,0.0,0.0,5.1,0.0,17.7,60.0
TOLIARA,-23.383,43.733,2018,16.3,72.2,25.7,17.1,26.4,35.2,0.0,1.4,20.4,15.5,9.1,35.4
TOLIARA,-23.383,43.733,2019,161.0,53.8,36.5,10.3,11.8,10.3,8.5,0.0,10.1,5.9,50.2,67.1
TOLIARA,-23.383,43.733,2020,43.3,37.7,21.5,16.8,33.3,11.3,6.3,0.0,9.3,23.4,7.9,31.0
TOLIARA,-23.383,43.733,2021,54.8,201.1,31.9,8.4,10.6,11.5,0.0,0.0,5.1,0.0,23.2,30.6
TOLIARA,-23.383,43.733,2022,35.2,64.7,23.5,20.1,13.9,10.0,0.0,11.0,5.1,6.6,28.3,101.1
TOLIARA,-23.383,43.733,2023,115.2,89.1,157.1,7.2,13.9,7.5,0.0,0.0,0.0,14.2,4.5,33.7
TAOLAGNARO,-25.033,46.95,1986,95.5,128.1,107.0,15.8,25.5,59.1,32.6,0.0,16.2,108.8,265.3,232.0
TAOLAGNARO,-25.033,46.95,1987,217.5,145.5,246.2,9.6,25.4,42.5,52.1,7.4,14.4,129.0,129.7,73.6
TAOLAGNARO,-25.033,46.95,1988,168.4,88.3,81.1,18.8,62.2,29.1,13.1,0.0,11.9,71.3,245.8,310.8
TAOLAGNARO,-25.033,46.95,1989,210.6,238.9,182.8,12.0,48.3,56.9,15.7,5.8,19.7,150.8,125.4,213.6
TAOLAGNARO,-25.033,46.95,1990,218.1,203.4,158.6,19.7,47.0,32.3,25.1,0.0,24.1,64.6,82.6,125.2
TAOLAGNARO,-25.033,46.95,1991,58.7,55.0,41.8,7.7,28.4,26.7,48.8,0.0,6.4,105.2,59.5,71.7
TAOLAGNARO,-25.033,46.95,1992,266.1,70.4,69.2,12.1,77.3,34.6,21.9,0.0,22.4,53.2,230.6,162.6
TAOLAGNARO,-25.033,46.95,1993,261.9,244.1,171.0,15.0,29.2,31.4,12.3,5.8,12.0,52.5,54.8,145.3
TAOLAGNARO,-25.033,46.95,1994,163.4,315.8,112.9,36.1,53.3,45.4,27.2,0.0,16.1,305.5,30.4,162.1
TAOLAGNARO,-25.033,46.95,1995,156.2,120.0,9.7,11.2,44.7,26.6,13.6,0.0,11.9,153.9,81.2,121.5
TAOLAGNARO,-25.033,46.95,1996,169.7,137.1,243.3,7.6,29.1,26.6,13.6,0.0,11.9,104.7,64.7,251.6
TAOLAGNARO,-25.033,46.95,1997,244.3,100.9,30.4,8.4,84.9,26.6,13.6,0.0,46.8,59.6,54.3,183.7
TAOLAGNARO,-25.033,46.95,1998,139.2,444.8,47.8,18.0,25.3,26.6,13.6,0.0,14.0,109.3,48.5,226.0
TAOLAGNARO,-25.033,46.95,1999,170.5,310.2,77.4,25.2,28.3,26.6,13.6,0.0,11.9,73.0,46.7,276.3
TAOLAGNARO,-25.033,46.95,2000,257.7,121.8,21.0,7.7,34.3,57.0,29.0,0.0,13.3,65.8,93.4,165.2
TAOLAGNARO,-25.033,46.95,2001,91.6,73.2,169.7,15.6,28.0,64.8,17.9,0.0,16.6,81.9,110.4,358.3
TAOLAGNARO,-25.033,46.95,2002,67.2,188.9,129.6,13.3,27.1,35.6,16.5,0.0,33.7,42.1,258.8,335.1
TAOLAGNARO,-25.033,46.95,2003,134.6,125.3,166.0,20.0,25.5,35.9,13.6,0.0,12.0,62.4,52.4,125.8
TAOLAGNARO,-25.033,46.95,2004,84.3,142.8,355.7,11.1,62.4,28.1,14.8,0.0,28.6,116.0,81.5,116.7
TAOLAGNARO,-25.033,46.95,2005,403.6,143.0,326.7,9.4,28.6,52.4,13.8,5.8,11.9,43.0,92.5,204.6
TAOLAGNARO,-25.033,46.95,2006,75.4,64.8,117.4,19.8,66.4,42.8,13.6,0.0,11.9,37.5,159.9,132.2
TAOLAGNARO,-25.033,46.95,2007,206.3,329.0,125.4,23.9,26.4,68.4,13.6,0.0,11.9,61.9,77.9,110.0
TAOLAGNARO,-25.033,46.95,2008,130.7,260.6,73.7,45.5,66.7,62.8,13.6,0.0,31.8,89.9,64.9,47.0
TAOLAGNARO,-25.033,46.95,2009,137.5,37.7,358.7,8.7,35.8,43.3,15.7,7.4,11.9,125.0,231.9,126.2
TAOLAGNARO,-25.033,46.95,2010,80.3,61.2,392.0,9.0,66.0,90.0,13.6,0.0,21.2,100.2,72.0,377.7
TAOLAGNARO,-25.033,46.95,2011,185.1,283.8,84.3,28.4,26.0,68.0,13.6,0.0,8.5,60.6,67.7,136.2
TAOLAGNARO,-25.033,46.95,2012,275.1,79.8,276.3,18.2,19.4,16.1,11.8,0.0,12.9,218.1,186.7,200.6
TAOLAGNARO,-25.033,46.95,2013,137.4,403.4,184.3,9.3,27.7,67.9,0.0,0.0,10.2,186.7,208.1,91.7
TAOLAGNARO,-25.033,46.95,2014,218.0,134.9,128.0,13.3,48.9,52.8,0.0,0.0,13.3,135.2,154.6,269.5
TAOLAGNARO,-25.033,46.95,2015,341.2,130.9,38.8,11.1,68.5,27.4,0.0,0.0,26.6,55.3,154.2,101.6
TAOLAGNARO,-25.033,46.95,2016,69.2,85.2,172.8,23.1,27.7,27.6,10.3,10.7,13.4,79.2,147.4,67.1
TAOLAGNARO,-25.033,46.95,2017,123.8,123.4,148.6,72.3,54.5,69.3,26.9,10.6,23.3,37.0,84.2,242.0
TAOLAGNARO,-25.033,46.95,2018,110.2,224.6,81.5,41.8,71.1,23.2,10.4,2.9,9.5,98.7,142.8,121.9
TAOLAGNARO,-25.033,46.95,2019,289.6,132.6,209.1,28.2,42.1,43.8,0.0,10.6,33.5,83.1,156.2,95.1
TAOLAGNARO,-25.033,46.95,2020,71.8,27.2,163.8,36.5,27.7,25.2,10.7,10.2,32.8,94.2,33.1,21.8
TAOLAGNARO,-25.033,46.95,2021,63.9,96.8,158.6,23.5,49.1,39.5,12.6,10.6,32.6,51.0,43.0,80.9
TAOLAGNARO,-25.033,46.95,2022,194.4,284.6,127.0,32.1,52.3,37.5,10.4,10.7,29.2,30.1,86.6,201.8
TAOLAGNARO,-25.033,46.95,2023,147.3,92.9,291.9,42.2,34.7,64.8,8.6,0.0,7.6,126.2,87.7,72.7
FASCENE_(NOSSI-BE),-13.317,48.317,1986,738.0,307.0,202.0,87.2,74.6,23.1,36.8,25.3,54.9,150.0,84.9,474.4
FASCENE_(NOSSI-BE),-13.317,48.317,1987,630.3,609.8,213.3,335.0,78.5,44.3,37.0,28.6,38.8,107.5,69.1,143.0
FASCENE_(NOSSI-BE),-13.317,48.317,1988,636.2,435.8,249.3,218.9,73.6,45.5,38.3,23.3,19.5,63.2,80.3,453.6
FASCENE_(NOSSI-BE),-13.317,48.317,1989,828.5,340.6,371.0,199.2,110.5,60.6,29.1,31.5,39.3,71.4,100.0,353.2
FASCENE_(NOSSI-BE),-13.317,48.317,1990,608.9,401.8,166.5,412.4,95.3,38.3,32.9,30.0,31.8,62.2,118.6,288.1
FASCENE_(NOSSI-BE),-13.317,48.317,1991,554.3,566.0,501.7,332.0,56.5,48.1,28.5,27.6,33.3,122.7,166.5,482.0
FASCENE_(NOSSI-BE),-13.317,48.317,1992,476.4,531.9,318.9,203.5,155.6,34.9,29.7,27.0,32.0,53.8,169.7,215.4
FASCENE_(NOSSI-BE),-13.317,48.317,1993,426.1,471.3,252.4,153.2,35.3,37.2,25.9,60.1,30.8,34.8,141.9,251.2
FASCENE_(NOSSI-BE),-13.317,48.317,1994,564.1,431.0,465.8,68.8,101.8,47.7,23.6,62.7,28.0,83.4,57.9,357.6
FASCENE_(NOSSI-BE),-13.317,48.317,1995,689.8,417.4,173.3,273.2,92.4,31.3,33.7,35.7,31.2,58.4,92.7,418.3
FASCENE_(NOSSI-BE),-13.317,48.317,1996,599.9,418.8,375.5,251.1,83.6,42.0,32.3,26.3,30.9,73.7,84.8,335.5
FASCENE_(NOSSI-BE),-13.317,48.317,1997,645.8,529.8,134.9,280.2,75.9,50.8,37.4,29.2,26.8,87.0,92.9,327.3
FASCENE_(NOSSI-BE),-13.317,48.317,1998,475.8,430.6,337.7,253.6,44.6,22.4,36.2,18.9,32.8,40.2,35.3,345.2
FASCENE_(NOSSI-BE),-13.317,48.317,1999,516.6,340.6,317.6,171.2,79.2,34.0,33.7,50.2,31.5,60.7,116.2,334.0
FASCENE_(NOSSI-BE),-13.317,48.317,2000,293.1,335.9,267.3,107.2,58.5,49.1,36.3,27.6,34.3,75.1,191.2,432.7
FASCENE_(NOSSI-BE),-13.317,48.317,2001,327.9,383.0,230.5,168.7,52.2,41.9,31.0,36.0,37.8,77.7,54.0,160.9
FASCENE_(NOSSI-BE),-13.317,48.317,2002,460.8,434.8,382.4,128.5,193.5,53.3,30.0,28.8,32.8,51.5,175.4,440.1
FASCENE_(NOSSI-BE),-13.317,48.317,2003,564.6,443.9,500.9,132.0,68.0,37.7,35.8,23.0,32.0,59.5,75.3,639.2
FASCENE_(NOSSI-BE),-13.317,48.317,2004,840.2,214.5,302.9,147.1,45.5,55.0,41.9,22.6,31.3,66.4,109.7,374.7
FASCENE_(NOSSI-BE),-13.317,48.317,2005,419.9,333.4,266.0,172.0,84.8,43.0,29.6,29.3,30.4,36.4,85.9,797.3
FASCENE_(NOSSI-BE),-13.317,48.317,2006,430.8,470.0,358.9,160.0,68.7,46.1,40.2,19.0,18.9,50.2,189.9,555.3
FASCENE_(NOSSI-BE),-13.317,48.317,2007,346.4,483.4,301.3,54.5,64.7,28.9,24.6,23.8,38.9,89.1,155.9,316.3
FASCENE_(NOSSI-BE),-13.317,48.317,2008,475.6,365.4,263.8,120.5,32.8,23.8,17.0,21.5,18.2,59.8,164.2,344.6
FASCENE_(NOSSI-BE),-13.317,48.317,2009,305.1,377.0,301.9,157.7,47.5,44.1,30.9,31.1,37.7,57.9,97.3,343.7
FASCENE_(NOSSI-BE),-13.317,48.317,2010,508.1,249.6,279.6,79.6,53.3,46.8,21.0,33.6,25.1,76.4,134.9,333.5
FASCENE_(NOSSI-BE),-13.317,48.317,2011,451.3,487.3,386.4,217.8,51.9,44.1,28.4,26.6,41.2,49.7,139.2,435.8
FASCENE_(NOSSI-BE),-13.317,48.317,2012,610.3,341.5,237.4,352.1,86.9,42.4,23.6,8.9,16.4,62.7,121.1,416.3
FASCENE_(NOSSI-BE),-13.317,48.317,2013,726.1,415.1,270.0,218.2,33.1,28.7,21.3,23.1,39.8,57.4,99.7,641.1
FASCENE_(NOSSI-BE),-13.317,48.317,2014,488.0,447.1,285.0,106.1,30.8,30.3,22.6,19.5,18.7,39.6,122.5,218.9
FASCENE_(NOSSI-BE),-13.317,48.317,2015,791.2,447.7,186.1,101.7,72.1,32.4,27.0,35.9,19.7,65.5,138.7,527.9
FASCENE_(NOSSI-BE),-13.317,48.317,2016,658.0,631.0,238.1,143.9,47.8,35.3,19.8,16.4,38.0,46.6,65.4,172.9
FASCENE_(NOSSI-BE),-13.317,48.317,2017,316.4,366.2,681.1,152.3,80.4,45.2,31.5,32.3,29.4,93.4,183.3,486.2
FASCENE_(NOSSI-BE),-13.317,48.317,2018,795.8,345.6,753.4,147.3,41.5,34.0,18.5,16.3,20.7,46.4,133.0,354.7
FASCENE_(NOSSI-BE),-13.317,48.317,2019,854.4,378.9,231.3,351.1,110.3,32.0,16.7,17.8,16.3,38.9,231.1,565.7
FASCENE_(NOSSI-BE),-13.317,48.317,2020,459.1,365.3,294.2,91.5,80.2,75.0,28.3,24.3,24.0,72.4,128.3,331.9
FASCENE_(NOSSI-BE),-13.317,48.317,2021,495.0,466.6,321.1,311.7,133.4,53.4,33.2,32.8,21.9,44.0,205.3,285.4
FASCENE_(NOSSI-BE),-13.317,48.317,2022,615.8,427.3,387.0,254.4,61.3,32.7,21.0,22.2,33.7,43.0,63.0,319.4
FASCENE_(NOSSI-BE),-13.317,48.317,2023,427.0,401.1,282.3,233.1,77.1,43.5,16.8,0.0,20.9,39.1,108.5,331.4
VOHEMAR,-13.367,50.0,1986,148.8,203.8,143.2,86.0,77.2,15.0,67.2,21.7,21.1,95.9,15.2,268.6
VOHEMAR,-13.367,50.0,1987,123.6,224.6,159.1,299.9,123.7,23.0,102.0,25.1,20.6,43.6,29.4,32.9
VOHEMAR,-13.367,50.0,1988,149.8,296.4,209.5,154.0,57.8,52.9,67.9,21.2,20.4,38.1,24.5,118.9
VOHEMAR,-13.367,50.0,1989,223.5,332.4,149.9,114.3,105.4,66.3,76.3,35.4,22.2,41.1,19.4,214.5
VOHEMAR,-13.367,50.0,1990,89.5,265.1,112.4,389.9,77.2,33.7,54.5,24.0,20.1,39.7,5.9,88.4
VOHEMAR,-13.367,50.0,1991,155.5,335.0,306.0,531.8,43.0,29.9,98.2,28.9,45.1,77.0,26.6,355.0
VOHEMAR,-13.367,50.0,1992,98.7,298.4,128.0,514.3,193.7,26.6,38.0,19.6,30.3,34.1,35.4,26.7
VOHEMAR,-13.367,50.0,1993,92.2,291.6,88.7,229.3,48.1,28.3,67.2,30.9,44.9,26.3,6.7,74.2
VOHEMAR,-13.367,50.0,1994,188.8,254.0,228.7,99.6,82.9,35.2,65.3,51.5,22.9,90.5,8.2,167.9
VOHEMAR,-13.367,50.0,1995,232.8,205.6,123.5,411.9,197.6,19.4,69.0,37.8,20.6,39.0,6.3,124.0
VOHEMAR,-13.367,50.0,1996,133.0,254.8,93.2,224.7,64.0,24.7,66.7,22.9,20.7,59.0,0.0,217.8
VOHEMAR,-13.367,50.0,1997,202.3,402.3,56.4,135.8,107.2,34.2,72.2,22.9,20.3,50.1,20.3,193.5
VOHEMAR,-13.367,50.0,1998,188.4,218.1,148.2,278.1,54.7,19.3,70.7,19.2,23.6,26.8,0.0,287.2
VOHEMAR,-13.367,50.0,1999,55.4,133.4,78.3,132.3,51.9,25.5,69.0,30.4,21.9,29.0,16.4,139.6
VOHEMAR,-13.367,50.0,2000,85.8,294.8,230.5,135.3,52.9,43.7,71.9,22.5,26.6,80.5,8.3,59.7
VOHEMAR,-13.367,50.0,2001,98.9,188.5,225.9,83.3,62.4,30.3,66.4,36.1,20.4,58.1,0.0,60.3
VOHEMAR,-13.367,50.0,2002,109.3,215.7,256.8,117.8,206.6,46.5,69.5,26.8,32.3,51.4,76.7,177.7
VOHEMAR,-13.367,50.0,2003,147.5,308.1,262.5,249.6,57.5,31.8,44.3,16.2,28.8,34.8,10.1,249.8
VOHEMAR,-13.367,50.0,2004,427.1,145.1,237.0,219.8,72.6,72.7,121.6,27.8,19.2,52.9,0.0,145.7
VOHEMAR,-13.367,50.0,2005,119.7,288.3,120.0,172.7,85.4,42.0,42.6,46.8,25.0,28.8,0.0,51.5
VOHEMAR,-13.367,50.0,2006,195.1,323.7,104.0,181.2,60.5,38.7,81.0,19.4,16.2,33.2,60.0,261.3
VOHEMAR,-13.367,50.0,2007,138.3,301.4,134.7,109.9,73.8,25.1,57.7,18.8,21.6,53.5,10.1,65.8
VOHEMAR,-13.367,50.0,2008,187.1,281.4,136.0,102.1,37.0,43.9,58.5,19.7,16.2,66.8,42.5,124.6
VOHEMAR,-13.367,50.0,2009,128.4,177.9,160.4,275.1,46.2,38.6,58.6,30.3,23.7,42.7,94.6,64.7
VOHEMAR,-13.367,50.0,2010,165.6,191.7,149.9,106.6,71.6,48.4,61.5,30.7,20.5,55.4,31.2,16.1
VOHEMAR,-13.367,50.0,2011,110.0,286.7,170.0,202.1,50.7,39.3,53.3,35.0,26.5,29.8,7.4,113.6
VOHEMAR,-13.367,50.0,2012,229.0,226.8,129.0,349.7,91.0,38.6,62.5,34.5,27.1,28.0,25.2,78.7
VOHEMAR,-13.367,50.0,2013,259.9,205.1,41.9,186.6,59.2,27.9,55.9,31.1,18.0,59.8,44.9,175.4
VOHEMAR,-13.367,50.0,2014,235.3,270.1,106.6,138.8,75.3,44.1,87.1,25.3,5.5,59.6,31.7,99.3
VOHEMAR,-13.367,50.0,2015,133.3,239.6,129.4,115.6,111.8,37.6,66.5,33.6,0.0,53.4,25.9,185.4
VOHEMAR,-13.367,50.0,2016,188.2,289.4,100.2,262.2,93.6,60.1,66.8,29.5,6.2,52.3,14.1,70.8
VOHEMAR,-13.367,50.0,2017,98.1,243.4,409.3,136.8,107.3,49.7,84.7,27.6,5.6,41.9,21.4,255.3
VOHEMAR,-13.367,50.0,2018,188.5,278.5,387.1,208.0,104.6,44.5,65.0,25.2,5.8,42.9,69.8,193.6
VOHEMAR,-13.367,50.0,2019,304.0,274.5,206.2,392.5,121.9,38.8,64.4,32.6,19.3,37.1,56.3,330.9
VOHEMAR,-13.367,50.0,2020,191.8,268.4,245.1,135.6,162.6,91.7,134.0,29.8,0.0,74.4,19.1,108.4
VOHEMAR,-13.367,50.0,2021,130.1,327.7,129.8,347.8,69.7,35.9,67.9,26.7,5.3,64.2,10.2,72.3
VOHEMAR,-13.367,50.0,2022,182.7,197.2,171.3,333.3,72.8,41.3,68.4,27.1,6.8,37.5,15.1,130.2
VOHEMAR,-13.367,50.0,2023,96.8,229.4,108.9,263.1,106.5,72.3,42.2,0.0,5.9,32.0,45.9,84.1
ANTSOHIHY,-14.883,47.983,1986,421.3,187.8,85.8,91.3,18.7,0.0,0.0,0.0,9.1,74.4,70.9,401.7
ANTSOHIHY,-14.883,47.983,1987,347.6,444.6,129.1,143.8,5.0,0.0,0.0,0.0,8.6,17.9,68.4,167.8
ANTSOHIHY,-14.883,47.983,1988,447.7,306.8,108.3,76.0,0.0,0.0,0.0,0.0,9.1,19.5,38.5,377.0
ANTSOHIHY,-14.883,47.983,1989,448.6,296.5,162.7,78.6,5.0,0.0,0.0,0.0,10.0,18.4,65.4,203.8
ANTSOHIHY,-14.883,47.983,1990,347.0,351.5,49.4,299.9,12.7,0.0,0.0,0.0,9.1,15.6,79.8,221.5
ANTSOHIHY,-14.883,47.983,1991,342.5,363.9,300.1,347.9,5.1,0.0,0.0,0.0,9.1,16.7,116.5,232.1
ANTSOHIHY,-14.883,47.983,1992,444.3,374.3,165.5,81.1,5.1,0.0,0.0,0.0,8.2,26.4,131.3,118.0
ANTSOHIHY,-14.883,47.983,1993,336.4,517.2,292.1,76.5,0.0,0.0,0.0,0.0,9.1,12.5,76.4,171.1
ANTSOHIHY,-14.883,47.983,1994,360.0,296.9,261.5,34.2,0.0,0.0,0.0,0.0,9.5,25.1,47.9,158.7
ANTSOHIHY,-14.883,47.983,1995,527.9,366.4,128.4,172.3,5.1,0.0,0.0,0.0,9.1,14.1,77.0,390.7
ANTSOHIHY,-14.883,47.983,1996,450.3,341.6,221.7,151.2,5.1,0.0,0.0,0.0,9.1,15.8,45.8,281.1
ANTSOHIHY,-14.883,47.983,1997,469.0,374.5,104.6,143.8,5.1,0.0,0.0,0.0,9.1,44.8,82.7,165.6
ANTSOHIHY,-14.883,47.983,1998,352.7,416.2,118.3,89.6,0.0,0.0,0.0,0.0,9.1,18.1,29.7,175.5
ANTSOHIHY,-14.883,47.983,1999,314.7,265.3,168.9,72.1,0.0,0.0,0.0,0.0,9.1,14.3,80.8,166.2
ANTSOHIHY,-14.883,47.983,2000,260.9,279.0,103.1,58.7,5.1,0.0,0.0,0.0,9.1,27.5,97.5,233.2
ANTSOHIHY,-14.883,47.983,2001,331.7,298.5,191.3,61.3,5.1,0.0,0.0,0.0,9.1,58.0,42.2,169.9
ANTSOHIHY,-14.883,47.983,2002,319.1,337.1,219.3,24.3,34.0,0.0,0.0,0.0,11.3,13.9,59.9,260.7
ANTSOHIHY,-14.883,47.983,2003,538.4,344.7,262.3,114.5,5.1,0.0,0.0,0.0,6.4,38.8,63.1,374.8
ANTSOHIHY,-14.883,47.983,2004,555.3,204.2,200.0,100.9,0.0,0.0,0.0,0.0,9.1,51.7,92.2,223.4
ANTSOHIHY,-14.883,47.983,2005,344.2,237.3,221.6,90.8,2.1,0.0,0.0,0.0,8.2,8.0,73.7,445.0
ANTSOHIHY,-14.883,47.983,2006,308.9,448.2,136.0,107.7,10.0,0.0,0.0,0.0,9.1,10.8,152.2,342.3
ANTSOHIHY,-14.883,47.983,2007,263.3,371.6,163.3,32.9,0.0,0.0,0.0,0.0,9.1,22.8,112.7,158.8
ANTSOHIHY,-14.883,47.983,2008,393.6,399.3,133.3,49.0,5.4,0.0,0.0,0.0,9.1,22.4,108.6,209.8
ANTSOHIHY,-14.883,47.983,2009,241.1,290.4,221.6,120.1,0.0,0.0,0.0,0.0,6.9,16.7,79.9,204.6
ANTSOHIHY,-14.883,47.983,2010,418.0,198.5,217.9,41.0,0.0,0.0,0.0,0.0,6.7,13.1,120.1,242.6
ANTSOHIHY,-14.883,47.983,2011,430.6,463.8,275.2,63.3,5.0,0.0,0.0,0.0,6.3,10.8,81.2,222.0
ANTSOHIHY,-14.883,47.983,2012,418.5,260.3,106.2,310.0,5.0,0.0,0.0,0.0,5.0,57.5,75.8,202.8
ANTSOHIHY,-14.883,47.983,2013,448.9,242.3,98.4,82.5,5.3,0.0,0.0,0.0,6.0,24.6,67.4,341.0
ANTSOHIHY,-14.883,47.983,2014,407.9,312.8,161.1,31.1,0.0,0.0,0.0,0.0,0.0,10.9,123.7,275.1
ANTSOHIHY,-14.883,47.983,2015,508.9,300.0,142.3,65.3,5.7,0.0,0.0,0.0,0.0,36.5,61.2,323.3
ANTSOHIHY,-14.883,47.983,2016,428.4,497.3,125.2,39.5,6.1,0.0,5.1,0.0,7.7,39.2,81.6,125.0
ANTSOHIHY,-14.883,47.983,2017,282.6,329.2,499.0,93.6,0.0,0.0,0.0,0.0,0.0,22.0,98.5,372.4
ANTSOHIHY,-14.883,47.983,2018,709.7,320.1,478.1,167.7,0.0,0.0,0.0,0.0,0.0,14.7,85.8,442.9
ANTSOHIHY,-14.883,47.983,2019,613.4,331.8,219.8,297.6,21.3,0.0,0.0,0.0,6.8,28.6,179.1,451.0
ANTSOHIHY,-14.883,47.983,2020,398.1,337.9,129.6,38.0,11.6,1.6,0.0,0.0,7.7,78.4,97.5,258.7
ANTSOHIHY,-14.883,47.983,2021,409.9,346.6,212.0,278.6,31.2,0.0,0.0,0.0,0.0,12.8,115.6,213.2
ANTSOHIHY,-14.883,47.983,2022,379.4,241.8,220.4,110.2,0.0,0.0,0.0,0.0,7.7,25.1,77.8,233.6
ANTSOHIHY,-14.883,47.983,2023,478.3,303.4,153.4,116.5,5.7,0.0,0.0,0.0,7.7,47.1,50.4,206.8
ANDAPA,-14.65,49.617,1986,351.5,283.4,185.5,107.0,191.1,51.9,112.3,96.4,81.2,130.0,36.2,388.3
ANDAPA,-14.65,49.617,1987,287.0,350.1,347.1,301.2,97.8,75.6,114.0,96.4,78.6,70.5,68.3,85.3
ANDAPA,-14.65,49.617,1988,447.8,449.0,307.3,184.5,96.8,90.0,110.9,90.4,68.6,48.4,56.6,318.0
ANDAPA,-14.65,49.617,1989,507.3,484.2,297.9,170.8,165.3,183.1,129.9,149.3,94.2,44.9,44.3,448.1
ANDAPA,-14.65,49.617,1990,272.8,355.3,198.1,516.9,129.8,168.3,109.3,73.8,73.8,40.7,53.9,190.6
ANDAPA,-14.65,49.617,1991,342.5,515.1,566.6,406.8,65.6,90.6,128.1,98.3,55.1,78.2,91.6,542.8
ANDAPA,-14.65,49.617,1992,287.5,503.2,242.8,392.5,170.6,103.0,95.3,68.2,86.5,35.2,121.7,67.2
ANDAPA,-14.65,49.617,1993,283.1,558.9,315.1,253.7,83.0,107.0,129.2,72.1,55.4,58.4,54.6,155.3
ANDAPA,-14.65,49.617,1994,349.8,421.0,508.3,113.0,151.3,111.4,105.9,93.6,58.1,86.9,29.8,339.5
ANDAPA,-14.65,49.617,1995,588.5,375.2,169.4,388.3,180.7,83.5,112.3,96.4,81.2,43.1,23.9,441.9
ANDAPA,-14.65,49.617,1996,470.1,304.1,260.5,113.3,112.9,86.0,112.3,96.4,81.2,76.9,17.4,592.4
ANDAPA,-14.65,49.617,1997,401.9,558.0,225.6,67.1,157.6,95.4,112.3,96.4,81.2,80.3,115.7,303.5
ANDAPA,-14.65,49.617,1998,294.0,442.7,236.3,282.0,85.8,67.8,112.3,96.4,81.2,30.0,13.2,351.0
ANDAPA,-14.65,49.617,1999,212.4,204.1,192.0,73.5,114.2,84.0,112.3,96.4,81.2,34.1,80.1,227.0
ANDAPA,-14.65,49.617,2000,196.8,308.9,401.6,201.3,83.9,183.1,142.5,77.2,74.3,115.3,49.4,221.4
ANDAPA,-14.65,49.617,2001,365.2,266.6,265.4,73.5,118.5,112.2,112.3,96.4,52.8,100.4,18.8,166.1
ANDAPA,-14.65,49.617,2002,305.6,335.7,567.7,140.6,269.7,104.5,150.6,103.9,72.1,66.5,211.4,525.1
ANDAPA,-14.65,49.617,2003,529.6,373.7,417.1,286.8,108.9,109.2,87.7,63.2,111.0,52.0,51.6,409.3
ANDAPA,-14.65,49.617,2004,668.3,177.8,336.1,275.1,101.0,222.7,123.7,93.6,61.2,60.1,49.9,390.8
ANDAPA,-14.65,49.617,2005,348.6,500.6,271.1,117.2,161.9,152.3,76.9,128.9,98.3,32.5,72.6,96.5
ANDAPA,-14.65,49.617,2006,438.4,401.7,263.4,157.3,87.6,154.7,142.4,79.1,48.7,60.1,191.8,401.5
ANDAPA,-14.65,49.617,2007,337.7,470.0,251.9,151.8,136.9,85.8,99.1,72.3,61.6,58.8,59.5,294.9
ANDAPA,-14.65,49.617,2008,375.5,365.2,384.9,148.3,76.4,76.4,110.8,81.2,48.7,81.1,130.5,169.9
ANDAPA,-14.65,49.617,2009,333.3,284.0,307.2,304.2,63.7,107.5,89.9,87.1,86.9,50.9,150.7,75.2
ANDAPA,-14.65,49.617,2010,494.2,289.7,372.2,81.2,118.6,164.6,96.9,117.5,66.1,50.4,64.9,97.8
ANDAPA,-14.65,49.617,2011,305.2,392.2,256.3,194.3,76.1,154.2,65.5,64.9,104.8,49.1,33.8,197.7
ANDAPA,-14.65,49.617,2012,503.3,364.2,288.3,288.4,156.8,161.7,93.6,60.6,87.3,88.4,87.1,169.7
ANDAPA,-14.65,49.617,2013,465.3,296.0,171.6,128.7,75.3,69.4,34.8,96.1,73.8,72.8,108.6,157.0
ANDAPA,-14.65,49.617,2014,401.4,334.5,197.7,66.7,93.2,120.4,84.6,60.5,80.6,34.5,79.6,259.5
ANDAPA,-14.65,49.617,2015,440.0,471.0,302.0,90.5,146.8,99.0,60.4,68.3,58.3,121.8,72.2,314.4
ANDAPA,-14.65,49.617,2016,403.3,478.8,223.8,167.1,113.5,92.1,50.8,105.9,79.2,51.7,42.4,180.1
ANDAPA,-14.65,49.617,2017,238.4,357.4,868.4,278.4,115.4,126.8,77.8,55.3,86.5,29.2,140.1,429.2
ANDAPA,-14.65,49.617,2018,546.3,385.3,699.3,250.0,134.0,116.0,63.2,79.1,83.5,60.9,117.4,338.6
ANDAPA,-14.65,49.617,2019,636.8,348.1,351.9,476.1,184.6,102.0,54.7,98.7,108.9,49.3,210.9,463.8
ANDAPA,-14.65,49.617,2020,273.0,332.1,424.2,90.9,185.0,162.9,116.9,73.0,56.4,152.3,65.0,172.3
ANDAPA,-14.65,49.617,2021,280.8,420.5,262.5,571.5,117.5,76.1,45.9,77.8,68.9,93.0,24.0,167.8
ANDAPA,-14.65,49.617,2022,528.6,253.1,344.2,286.2,87.7,110.3,67.2,71.3,115.4,37.3,53.8,143.0
ANDAPA,-14.65,49.617,2023,272.2,279.2,183.7,319.4,111.7,109.6,55.9,0.0,87.2,81.5,155.0,242.9
SAMBAVA,-14.283,50.167,1986,502.2,159.6,166.5,135.8,195.7,48.0,187.3,175.3,139.3,184.4,70.5,312.7
SAMBAVA,-14.283,50.167,1987,277.8,197.7,219.3,359.8,265.2,77.1,221.4,175.3,131.3,89.0,124.5,59.9
SAMBAVA,-14.283,50.167,1988,348.8,289.7,370.4,267.3,139.9,70.3,182.7,165.4,112.4,81.3,123.4,178.1
SAMBAVA,-14.283,50.167,1989,431.5,346.8,281.7,258.2,238.1,180.2,200.9,307.5,158.9,80.7,62.0,300.4
SAMBAVA,-14.283,50.167,1990,156.6,248.2,99.3,631.8,187.5,100.3,169.7,139.8,118.3,75.5,48.5,165.6
SAMBAVA,-14.283,50.167,1991,307.7,353.6,525.6,517.4,120.5,65.5,209.9,199.0,130.2,152.3,111.4,461.7
SAMBAVA,-14.283,50.167,1992,281.4,438.5,163.1,439.3,302.8,67.6,148.3,106.9,148.9,63.8,116.9,82.6
SAMBAVA,-14.283,50.167,1993,186.5,403.6,252.7,200.2,92.0,73.2,205.8,127.3,113.5,86.7,70.3,90.9
SAMBAVA,-14.283,50.167,1994,275.0,240.1,360.6,102.1,218.2,82.1,171.6,180.4,93.1,147.1,34.5,267.2
SAMBAVA,-14.283,50.167,1995,553.5,197.0,167.2,391.2,277.7,48.5,187.3,175.3,139.3,77.4,51.3,252.8
SAMBAVA,-14.283,50.167,1996,348.5,228.7,170.6,226.8,212.9,59.8,187.3,175.3,139.3,160.5,32.8,339.2
SAMBAVA,-14.283,50.167,1997,296.7,443.9,137.0,142.8,235.1,76.8,187.3,175.3,139.3,105.4,119.9,199.2
SAMBAVA,-14.283,50.167,1998,351.7,242.5,211.0,289.6,134.6,47.6,187.3,175.3,139.3,57.8,29.5,303.8
SAMBAVA,-14.283,50.167,1999,114.9,135.5,159.6,143.5,136.6,58.6,187.3,175.3,139.3,61.3,67.9,260.7
SAMBAVA,-14.283,50.167,2000,136.0,202.3,437.0,220.3,117.7,118.2,234.6,142.4,133.4,149.2,68.2,155.4
SAMBAVA,-14.283,50.167,2001,264.5,176.9,342.1,98.2,157.2,71.3,187.3,175.3,91.5,122.3,47.1,101.2
SAMBAVA,-14.283,50.167,2002,177.0,212.5,442.1,172.2,535.0,92.2,241.0,194.7,135.4,129.9,236.0,391.3
SAMBAVA,-14.283,50.167,2003,358.0,278.6,414.1,314.1,147.6,75.0,147.1,94.8,215.1,68.5,37.6,359.8
SAMBAVA,-14.283,50.167,2004,647.4,126.1,368.9,258.3,148.1,161.9,231.1,171.7,97.8,103.0,71.8,325.0
SAMBAVA,-14.283,50.167,2005,241.5,305.4,219.3,147.6,239.7,103.5,114.0,264.7,176.0,57.9,87.3,87.3
SAMBAVA,-14.283,50.167,2006,364.1,307.7,242.4,191.6,127.4,104.2,253.8,133.1,65.9,62.3,151.3,454.9
SAMBAVA,-14.283,50.167,2007,242.8,355.3,219.7,205.5,229.7,58.4,134.9,104.5,104.2,97.7,70.9,217.6
SAMBAVA,-14.283,50.167,2008,412.2,268.9,241.0,123.8,86.8,95.6,152.2,127.3,63.1,123.6,83.6,110.4
SAMBAVA,-14.283,50.167,2009,278.9,145.3,303.7,284.4,85.1,83.5,130.1,170.1,152.1,109.0,213.1,100.8
SAMBAVA,-14.283,50.167,2010,291.4,212.6,259.6,163.2,173.6,118.8,148.8,234.4,106.6,101.7,98.5,31.0
SAMBAVA,-14.283,50.167,2011,246.0,238.1,310.6,286.3,105.1,104.5,87.1,101.4,192.0,76.6,50.8,163.0
SAMBAVA,-14.283,50.167,2012,420.3,230.8,197.1,405.6,225.8,104.2,143.7,74.6,122.8,84.5,89.0,84.8
SAMBAVA,-14.283,50.167,2013,405.0,172.6,83.7,171.2,112.6,59.4,53.7,119.3,111.0,114.5,157.9,116.0
SAMBAVA,-14.283,50.167,2014,444.7,252.0,202.7,112.2,151.4,105.5,162.3,65.9,137.6,75.6,113.3,152.1
SAMBAVA,-14.283,50.167,2015,336.6,261.5,174.1,101.0,189.9,87.2,104.0,86.7,89.5,118.6,123.2,286.2
SAMBAVA,-14.283,50.167,2016,367.6,261.2,177.6,406.4,185.5,180.7,91.3,128.1,152.4,115.2,70.5,112.4
SAMBAVA,-14.283,50.167,2017,178.5,196.4,759.3,193.0,275.8,115.2,150.8,61.5,158.4,48.7,104.0,340.1
SAMBAVA,-14.283,50.167,2018,407.8,239.4,624.4,258.3,224.6,103.7,108.6,92.2,147.3,76.2,141.3,317.5
SAMBAVA,-14.283,50.167,2019,590.9,258.6,340.0,413.0,215.6,90.3,94.3,121.9,176.3,82.9,256.4,309.2
SAMBAVA,-14.283,50.167,2020,306.6,203.5,357.9,123.5,284.8,245.6,102.6,93.5,84.8,180.7,134.7,196.3
SAMBAVA,-14.283,50.167,2021,264.8,301.0,185.1,437.0,127.6,71.7,85.2,81.7,116.1,134.7,57.8,68.6
SAMBAVA,-14.283,50.167,2022,466.5,164.4,264.2,340.8,139.5,96.9,114.9,88.5,212.5,71.3,72.8,147.2
SAMBAVA,-14.283,50.167,2023,270.3,169.1,168.2,343.3,187.1,98.6,69.5,0.0,156.5,90.5,193.5,178.7
ANTALAHA,-14.883,50.25,1986,349.0,183.0,271.2,114.7,229.7,74.8,129.8,179.9,119.5,214.5,87.4,343.7
ANTALAHA,-14.883,50.25,1987,369.5,196.2,334.9,381.8,249.1,98.9,130.7,179.9,114.3,80.7,169.7,42.3
ANTALAHA,-14.883,50.25,1988,401.1,328.2,394.3,206.8,170.9,109.0,129.7,169.9,91.3,82.1,117.5,166.6
ANTALAHA,-14.883,50.25,1989,453.4,382.6,347.2,177.2,254.8,213.5,168.0,303.1,167.4,73.9,78.7,329.9
ANTALAHA,-14.883,50.25,1990,137.9,199.5,211.5,554.9,221.0,173.0,127.3,130.3,104.7,64.7,50.8,154.1
ANTALAHA,-14.883,50.25,1991,285.7,389.0,519.9,473.6,102.0,110.2,164.6,183.7,86.1,143.3,87.8,303.7
ANTALAHA,-14.883,50.25,1992,272.3,469.1,171.4,356.1,257.5,114.5,98.3,111.7,145.5,56.0,119.7,78.5
ANTALAHA,-14.883,50.25,1993,197.6,475.8,222.9,225.9,97.2,126.9,205.1,118.7,77.8,80.0,59.8,119.0
ANTALAHA,-14.883,50.25,1994,291.8,217.8,464.6,67.3,258.3,123.1,114.3,173.2,83.5,118.7,50.7,319.0
ANTALAHA,-14.883,50.25,1995,566.4,178.9,184.3,188.1,247.3,86.0,129.8,179.9,119.5,70.9,53.1,315.2
ANTALAHA,-14.883,50.25,1996,394.3,210.1,230.5,150.9,198.5,107.0,129.8,179.9,119.5,101.2,37.3,333.7
ANTALAHA,-14.883,50.25,1997,406.1,409.6,153.6,108.5,230.0,125.8,129.8,179.9,119.5,80.3,181.9,185.9
ANTALAHA,-14.883,50.25,1998,246.9,214.5,172.7,429.7,172.6,84.2,129.8,179.9,119.5,61.4,33.8,294.1
ANTALAHA,-14.883,50.25,1999,163.0,146.9,215.5,168.5,235.7,100.3,129.8,179.9,119.5,64.1,76.2,194.4
ANTALAHA,-14.883,50.25,2000,104.5,185.8,413.3,197.0,132.2,199.3,177.1,136.4,110.8,130.3,80.3,170.9
ANTALAHA,-14.883,50.25,2001,278.6,184.4,377.9,80.9,198.0,117.5,129.8,179.9,66.9,170.8,44.9,129.9
ANTALAHA,-14.883,50.25,2002,170.8,216.5,500.7,175.4,413.6,144.2,184.0,206.0,107.2,121.7,223.7,393.9
ANTALAHA,-14.883,50.25,2003,519.4,309.3,356.9,308.1,161.6,131.7,92.2,91.3,159.7,57.8,78.5,262.0
ANTALAHA,-14.883,50.25,2004,625.5,87.7,403.5,292.3,169.3,242.6,148.2,171.4,93.0,95.7,85.4,347.8
ANTALAHA,-14.883,50.25,2005,217.4,305.7,213.8,105.9,231.8,160.7,89.7,234.0,143.9,55.8,82.1,83.9
ANTALAHA,-14.883,50.25,2006,399.9,294.5,252.1,171.1,145.8,168.9,166.0,146.0,71.4,58.5,194.2,330.3
ANTALAHA,-14.883,50.25,2007,305.6,347.7,270.7,239.3,314.6,91.8,123.0,129.4,85.8,88.3,73.6,211.7
ANTALAHA,-14.883,50.25,2008,529.2,272.9,246.7,130.1,88.4,127.3,139.1,149.8,58.8,124.6,128.3,98.8
ANTALAHA,-14.883,50.25,2009,353.6,141.0,322.1,307.0,88.7,125.5,101.2,157.9,135.9,114.2,136.0,105.3
ANTALAHA,-14.883,50.25,2010,453.6,240.7,348.3,163.1,206.1,179.4,109.6,227.3,97.5,83.3,98.0,44.0
ANTALAHA,-14.883,50.25,2011,212.1,229.3,342.0,221.5,113.8,169.7,75.2,97.7,153.8,69.1,58.3,132.8
ANTALAHA,-14.883,50.25,2012,408.6,222.1,236.3,336.6,275.0,161.1,106.1,112.9,100.2,117.8,92.3,121.3
ANTALAHA,-14.883,50.25,2013,421.0,135.7,109.4,140.7,136.0,96.6,87.2,266.6,114.9,111.9,163.6,174.5
ANTALAHA,-14.883,50.25,2014,468.9,220.1,251.9,106.0,174.1,158.8,243.7,139.1,130.5,57.5,85.4,168.1
ANTALAHA,-14.883,50.25,2015,380.1,265.5,251.5,87.8,188.2,129.0,155.4,161.1,97.2,147.9,114.3,261.0
ANTALAHA,-14.883,50.25,2016,415.2,241.5,262.8,214.6,206.9,222.7,199.3,286.0,119.9,72.8,76.3,106.3
ANTALAHA,-14.883,50.25,2017,137.4,197.8,740.1,246.0,307.2,164.3,195.7,120.9,144.7,43.8,157.2,310.4
ANTALAHA,-14.883,50.25,2018,488.0,243.6,643.6,257.4,261.4,152.9,165.4,217.8,133.6,73.6,142.9,263.1
ANTALAHA,-14.883,50.25,2019,613.4,229.0,371.4,467.4,338.0,131.8,136.3,273.7,151.9,92.9,384.9,335.4
ANTALAHA,-14.883,50.25,2020,321.2,204.3,433.3,119.4,331.6,250.6,291.6,168.4,81.0,149.2,137.0,176.3
ANTALAHA,-14.883,50.25,2021,231.6,267.4,176.8,371.9,148.0,119.4,116.8,197.3,101.3,112.3,75.9,103.2
ANTALAHA,-14.883,50.25,2022,500.1,143.5,309.3,406.9,159.6,147.8,177.6,161.9,205.4,64.1,89.8,129.5
ANTALAHA,-14.883,50.25,2023,325.1,179.6,178.1,235.7,188.0,143.1,115.1,0.0,142.1,88.8,160.8,165.0
BESALAMPY,-16.75,44.483,1986,247.7,576.1,145.2,11.5,5.0,0.0,0.0,0.0,7.1,12.3,49.5,139.4
BESALAMPY,-16.75,44.483,1987,502.1,259.6,106.8,25.9,0.0,0.0,0.0,0.0,6.1,10.4,52.1,130.1
BESALAMPY,-16.75,44.483,1988,482.2,427.1,102.7,8.4,0.0,0.0,0.0,0.0,7.0,7.9,15.6,90.0
BESALAMPY,-16.75,44.483,1989,496.7,609.3,191.0,20.6,5.6,0.0,0.0,0.0,6.7,8.9,33.1,175.6
BESALAMPY,-16.75,44.483,1990,337.0,442.5,40.3,64.7,0.0,0.0,0.0,0.0,7.1,7.7,31.9,73.8
BESALAMPY,-16.75,44.483,1991,230.1,762.6,242.3,70.2,5.0,0.0,0.0,0.0,7.0,8.7,25.0,52.6
BESALAMPY,-16.75,44.483,1992,483.5,501.4,99.3,17.1,0.0,0.0,0.0,0.0,7.0,15.2,33.8,74.4
BESALAMPY,-16.75,44.483,1993,365.5,561.0,289.0,8.8,4.4,0.0,0.0,0.0,6.9,10.6,19.0,167.8
BESALAMPY,-16.75,44.483,1994,605.3,690.9,98.8,7.9,0.0,0.0,0.0,0.0,7.1,9.5,17.8,72.5
BESALAMPY,-16.75,44.483,1995,513.5,500.4,138.4,6.6,7.2,0.0,0.0,0.0,7.4,8.9,63.4,152.1
BESALAMPY,-16.75,44.483,1996,423.4,704.1,181.2,7.4,0.0,0.0,0.0,0.0,7.4,8.5,31.1,199.6
BESALAMPY,-16.75,44.483,1997,745.9,572.7,86.1,14.7,0.0,0.0,0.0,0.0,7.4,10.1,22.4,73.9
BESALAMPY,-16.75,44.483,1998,520.1,954.1,98.6,28.9,0.0,0.0,0.0,0.0,7.4,8.5,40.0,157.7
BESALAMPY,-16.75,44.483,1999,270.2,307.9,194.3,31.2,0.0,0.0,0.0,0.0,7.4,8.9,28.6,136.1
BESALAMPY,-16.75,44.483,2000,519.9,498.2,171.5,20.3,0.0,0.0,0.0,0.0,5.0,7.7,77.4,140.3
BESALAMPY,-16.75,44.483,2001,474.6,426.7,158.4,24.2,0.0,0.0,0.0,0.0,5.1,8.6,44.7,138.3
BESALAMPY,-16.75,44.483,2002,241.8,411.3,146.0,7.5,5.3,0.0,0.0,0.0,5.1,11.5,20.6,99.6
BESALAMPY,-16.75,44.483,2003,547.3,483.4,133.1,12.4,0.0,0.0,0.0,0.0,5.1,11.3,28.7,344.9
BESALAMPY,-16.75,44.483,2004,596.8,387.5,241.0,36.1,0.0,0.0,0.0,0.0,5.1,10.0,45.0,250.5
BESALAMPY,-16.75,44.483,2005,292.5,102.1,150.1,10.2,4.5,0.0,0.0,0.0,5.1,5.6,20.3,152.6
BESALAMPY,-16.75,44.483,2006,287.5,290.3,211.3,31.3,5.4,0.0,0.0,0.0,5.1,5.5,36.1,185.8
BESALAMPY,-16.75,44.483,2007,618.2,687.7,164.9,45.0,5.1,0.0,0.0,0.0,5.1,7.7,48.0,281.6
BESALAMPY,-16.75,44.483,2008,376.2,540.4,82.8,0.0,0.0,0.0,0.0,0.0,5.1,5.6,43.2,107.9
BESALAMPY,-16.75,44.483,2009,333.1,480.0,128.2,18.7,0.0,0.0,0.0,0.0,5.1,11.5,14.0,156.5
BESALAMPY,-16.75,44.483,2010,387.9,235.3,110.8,19.3,0.0,0.0,0.0,0.0,5.1,20.7,41.1,177.9
BESALAMPY,-16.75,44.483,2011,474.5,376.9,250.8,45.9,0.0,0.0,0.0,0.0,5.1,10.7,36.6,103.4
BESALAMPY,-16.75,44.483,2012,670.9,369.9,113.6,66.3,5.1,0.0,0.0,0.0,0.0,16.4,24.5,88.1
BESALAMPY,-16.75,44.483,2013,335.4,595.2,75.4,11.7,0.0,0.0,0.0,0.0,9.2,13.6,26.0,109.6
BESALAMPY,-16.75,44.483,2014,611.2,498.2,146.4,18.6,0.0,0.0,0.0,0.0,5.9,11.5,16.9,85.2
BESALAMPY,-16.75,44.483,2015,462.0,659.0,229.7,6.0,5.3,0.0,0.0,0.0,5.8,10.2,13.1,68.8
BESALAMPY,-16.75,44.483,2016,275.2,385.3,215.2,9.0,0.0,0.0,0.0,0.0,5.8,9.1,23.6,57.7
BESALAMPY,-16.75,44.483,2017,280.2,257.9,182.5,44.3,0.0,0.0,0.0,0.0,6.2,12.6,25.6,134.9
BESALAMPY,-16.75,44.483,2018,289.3,393.2,180.7,33.7,0.0,0.0,0.0,0.0,9.6,9.9,14.4,46.1
BESALAMPY,-16.75,44.483,2019,501.7,257.1,262.9,12.3,5.1,0.0,0.0,0.0,6.2,14.8,47.6,143.3
BESALAMPY,-16.75,44.483,2020,399.8,329.4,76.9,19.9,1.7,0.0,2.0,0.0,6.2,8.9,30.7,108.2
BESALAMPY,-16.75,44.483,2021,283.0,545.3,230.7,12.2,0.0,0.0,0.0,0.0,5.9,8.4,25.8,73.5
BESALAMPY,-16.75,44.483,2022,353.7,374.2,132.9,21.1,0.0,0.0,0.0,0.0,4.9,13.2,31.5,48.2
BESALAMPY,-16.75,44.483,2023,523.6,259.0,147.2,26.9,0.0,0.0,0.0,0.0,6.2,10.8,10.4,60.2
MAEVATANANA,-16.95,46.833,1986,444.0,524.4,203.5,26.7,0.0,0.0,0.0,0.0,0.0,166.2,77.0,296.7
MAEVATANANA,-16.95,46.833,1987,367.3,423.6,141.5,62.8,1.6,0.0,1.7,0.0,0.0,26.0,71.9,128.5
MAEVATANANA,-16.95,46.833,1988,472.8,423.7,232.7,24.5,0.0,0.0,0.0,0.0,0.0,49.1,35.5,289.0
MAEVATANANA,-16.95,46.833,1989,509.1,463.1,255.7,58.3,6.3,0.0,0.0,0.0,0.0,17.2,33.0,292.2
MAEVATANANA,-16.95,46.833,1990,462.9,475.6,75.6,94.4,0.0,0.0,0.0,0.0,0.0,22.6,60.8,141.9
MAEVATANANA,-16.95,46.833,1991,236.4,402.7,423.0,144.5,0.0,0.0,0.0,0.0,0.0,54.0,90.0,253.5
MAEVATANANA,-16.95,46.833,1992,762.1,747.9,237.9,33.2,0.0,0.0,0.0,1.0,0.0,37.3,78.9,111.4
MAEVATANANA,-16.95,46.833,1993,347.3,797.7,347.2,53.6,0.0,0.0,0.0,0.0,0.0,35.1,22.4,262.0
MAEVATANANA,-16.95,46.833,1994,390.9,647.6,292.2,54.4,0.0,0.0,0.0,0.0,0.0,44.7,26.9,180.6
MAEVATANANA,-16.95,46.833,1995,505.1,487.3,196.7,77.3,0.0,0.0,0.0,0.0,0.0,19.7,128.9,324.7
MAEVATANANA,-16.95,46.833,1996,435.0,435.9,257.5,19.3,0.0,0.0,0.0,0.0,0.0,23.7,25.9,322.8
MAEVATANANA,-16.95,46.833,1997,469.4,476.3,196.3,84.0,0.0,0.0,0.0,0.0,0.0,39.3,72.1,263.3
MAEVATANANA,-16.95,46.833,1998,383.9,658.5,155.5,39.1,0.0,0.0,0.0,0.0,0.0,40.2,38.2,281.1
MAEVATANANA,-16.95,46.833,1999,309.4,258.3,213.0,48.6,0.0,0.0,0.0,0.0,0.0,24.6,72.3,183.5
MAEVATANANA,-16.95,46.833,2000,571.1,424.5,115.4,65.8,0.0,0.0,0.0,0.0,0.0,70.9,90.5,277.5
MAEVATANANA,-16.95,46.833,2001,576.3,367.0,176.6,40.8,0.0,0.0,0.0,0.0,0.0,65.4,14.2,259.8
MAEVATANANA,-16.95,46.833,2002,580.0,585.0,301.5,25.6,6.6,0.0,0.0,0.0,0.0,43.6,62.6,238.7
MAEVATANANA,-16.95,46.833,2003,734.5,377.4,284.3,60.5,1.9,0.0,0.0,0.0,3.6,42.0,57.9,223.7
MAEVATANANA,-16.95,46.833,2004,617.1,326.0,277.2,49.3,0.0,0.0,0.0,0.0,0.0,51.0,79.9,396.5
MAEVATANANA,-16.95,46.833,2005,351.7,399.1,391.4,39.8,0.0,0.0,0.0,0.0,0.0,23.0,75.3,261.2
MAEVATANANA,-16.95,46.833,2006,374.7,494.4,227.6,57.0,1.5,0.0,0.0,0.0,0.0,27.7,161.7,217.3
MAEVATANANA,-16.95,46.833,2007,513.7,649.7,195.1,28.9,0.0,0.0,0.0,0.0,7.5,59.1,80.4,140.6
MAEVATANANA,-16.95,46.833,2008,422.9,743.1,112.7,27.2,0.0,0.0,0.0,0.0,0.0,82.8,102.4,176.1
MAEVATANANA,-16.95,46.833,2009,333.5,374.0,244.7,71.2,0.0,0.0,0.0,0.0,0.0,67.7,65.3,215.5
MAEVATANANA,-16.95,46.833,2010,588.5,337.7,362.9,13.3,0.0,0.0,0.0,0.0,0.0,86.1,66.2,194.4
MAEVATANANA,-16.95,46.833,2011,597.5,761.5,327.4,39.1,0.0,0.0,0.0,0.0,0.0,54.6,57.0,221.5
MAEVATANANA,-16.95,46.833,2012,472.9,594.5,234.5,142.4,0.0,0.0,0.0,0.0,0.0,58.2,56.4,171.1
MAEVATANANA,-16.95,46.833,2013,319.4,427.8,195.2,19.6,0.0,0.0,0.0,0.0,7.9,106.8,68.9,273.1
MAEVATANANA,-16.95,46.833,2014,520.4,435.4,309.7,18.8,0.0,0.0,0.0,0.0,0.0,15.0,68.9,292.4
MAEVATANANA,-16.95,46.833,2015,480.8,489.2,262.9,14.1,4.5,0.0,0.0,0.0,0.0,28.6,57.6,243.4
MAEVATANANA,-16.95,46.833,2016,298.0,487.6,245.8,16.1,0.0,0.0,0.0,0.0,0.0,33.3,66.3,115.3
MAEVATANANA,-16.95,46.833,2017,250.0,258.0,419.6,53.8,0.0,0.0,0.0,0.0,0.0,63.9,123.8,239.3
MAEVATANANA,-16.95,46.833,2018,571.4,424.0,307.9,101.2,0.0,0.0,0.0,0.0,0.0,45.2,92.4,272.0
MAEVATANANA,-16.95,46.833,2019,457.3,251.6,331.6,79.9,0.0,0.0,0.0,0.0,0.0,33.0,176.9,237.5
MAEVATANANA,-16.95,46.833,2020,462.6,389.5,214.4,25.7,0.0,0.0,0.0,0.0,0.0,82.8,36.6,281.0
MAEVATANANA,-16.95,46.833,2021,374.7,443.4,258.7,64.8,0.0,0.0,0.0,0.0,0.0,22.7,75.7,165.4
MAEVATANANA,-16.95,46.833,2022,368.7,366.3,285.8,25.9,0.0,0.0,0.0,0.0,0.0,67.2,63.8,176.1
MAEVATANANA,-16.95,46.833,2023,553.3,382.1,187.2,61.5,0.0,0.0,0.0,0.0,0.0,154.7,57.6,185.7
AMBOHITSILAOZANA,-17.633,48.5,1986,173.4,292.1,197.3,22.3,17.6,5.9,8.3,6.4,0.0,67.0,46.7,234.2
AMBOHITSILAOZANA,-17.633,48.5,1987,223.3,226.0,199.8,27.1,10.5,6.0,8.3,6.6,0.0,29.4,62.9,96.6
AMBOHITSILAOZANA,-17.633,48.5,1988,315.3,268.0,244.4,37.6,15.0,5.5,8.6,6.3,0.0,25.1,65.9,347.3
AMBOHITSILAOZANA,-17.633,48.5,1989,306.8,308.6,197.1,17.8,13.5,7.6,9.3,7.9,0.0,16.1,70.4,334.8
AMBOHITSILAOZANA,-17.633,48.5,1990,172.9,302.7,61.6,49.8,12.6,6.1,8.5,6.3,0.0,29.9,56.2,164.3
AMBOHITSILAOZANA,-17.633,48.5,1991,93.4,258.6,277.8,65.3,10.6,7.5,9.0,7.0,0.0,36.3,98.5,180.3
AMBOHITSILAOZANA,-17.633,48.5,1992,516.6,461.2,114.2,31.1,10.1,7.5,8.2,6.7,3.0,17.0,70.8,42.3
AMBOHITSILAOZANA,-17.633,48.5,1993,169.3,224.8,206.7,48.2,13.4,7.7,8.5,5.7,0.0,35.1,64.6,204.3
AMBOHITSILAOZANA,-17.633,48.5,1994,341.0,215.6,396.4,21.9,16.3,6.9,8.3,6.6,0.0,38.3,29.8,196.7
AMBOHITSILAOZANA,-17.633,48.5,1995,396.6,235.5,77.2,94.1,16.1,0.0,7.9,5.5,0.0,19.1,45.1,356.4
AMBOHITSILAOZANA,-17.633,48.5,1996,372.9,359.6,143.7,19.2,10.6,6.0,8.6,5.9,0.0,11.4,20.3,318.7
AMBOHITSILAOZANA,-17.633,48.5,1997,324.3,395.8,89.0,19.4,17.6,8.6,9.1,6.2,4.9,27.0,80.3,232.4
AMBOHITSILAOZANA,-17.633,48.5,1998,288.6,404.5,110.6,33.7,10.8,0.0,9.6,7.7,3.5,17.7,25.1,350.8
AMBOHITSILAOZANA,-17.633,48.5,1999,146.3,105.2,162.9,7.2,14.7,0.0,9.3,6.3,0.0,16.1,68.7,112.1
AMBOHITSILAOZANA,-17.633,48.5,2000,166.6,225.7,227.0,51.1,7.7,0.0,11.2,7.8,0.0,25.0,76.7,225.1
AMBOHITSILAOZANA,-17.633,48.5,2001,499.3,109.7,142.8,19.5,10.2,7.2,8.5,6.3,0.0,38.3,34.7,242.3
AMBOHITSILAOZANA,-17.633,48.5,2002,133.9,426.5,146.2,28.4,34.1,8.5,9.1,9.6,0.0,33.7,86.9,288.8
AMBOHITSILAOZANA,-17.633,48.5,2003,541.8,145.0,186.8,25.4,15.2,7.3,10.1,6.1,0.0,18.6,68.5,136.2
AMBOHITSILAOZANA,-17.633,48.5,2004,354.6,198.2,209.9,23.2,15.3,7.6,8.8,5.3,0.0,28.4,91.5,389.1
AMBOHITSILAOZANA,-17.633,48.5,2005,194.4,381.0,249.4,26.9,23.9,8.9,9.8,7.5,0.0,17.5,96.2,185.2
AMBOHITSILAOZANA,-17.633,48.5,2006,270.4,172.2,155.8,33.3,16.8,8.8,10.5,7.3,0.0,24.8,152.1,198.6
AMBOHITSILAOZANA,-17.633,48.5,2007,477.1,488.1,146.0,42.9,16.7,5.8,9.6,8.0,0.0,31.4,48.9,125.1
AMBOHITSILAOZANA,-17.633,48.5,2008,261.5,322.6,105.7,39.2,12.9,10.5,9.1,6.3,0.0,43.8,92.8,117.6
AMBOHITSILAOZANA,-17.633,48.5,2009,247.3,227.3,207.7,72.2,8.2,0.0,8.8,8.3,0.0,38.3,71.7,189.4
AMBOHITSILAOZANA,-17.633,48.5,2010,396.5,139.7,271.5,11.5,11.5,7.5,10.1,7.7,0.0,19.0,64.6,90.2
AMBOHITSILAOZANA,-17.633,48.5,2011,295.4,234.0,178.5,35.1,12.8,0.0,7.7,6.8,0.0,41.6,55.9,189.2
AMBOHITSILAOZANA,-17.633,48.5,2012,244.4,354.0,132.1,78.9,13.6,6.8,8.5,6.0,0.0,29.3,82.1,101.5
AMBOHITSILAOZANA,-17.633,48.5,2013,249.4,267.3,210.2,16.7,12.3,27.3,29.5,18.4,9.9,29.3,59.5,325.2
AMBOHITSILAOZANA,-17.633,48.5,2014,290.2,205.5,149.3,11.3,10.3,33.1,39.9,17.6,11.6,10.6,83.6,352.0
AMBOHITSILAOZANA,-17.633,48.5,2015,415.4,451.1,182.5,13.1,12.5,38.5,29.6,18.6,12.9,28.7,59.5,269.0
AMBOHITSILAOZANA,-17.633,48.5,2016,253.6,276.4,249.1,13.7,12.2,38.5,30.7,18.0,10.9,26.7,55.0,63.8
AMBOHITSILAOZANA,-17.633,48.5,2017,147.3,125.9,345.7,19.3,11.9,38.3,32.9,19.3,9.1,36.7,145.7,246.4
AMBOHITSILAOZANA,-17.633,48.5,2018,406.7,259.1,273.4,31.9,9.8,31.3,34.5,17.3,11.1,23.9,61.5,203.3
AMBOHITSILAOZANA,-17.633,48.5,2019,390.5,232.4,231.7,57.4,11.9,48.1,28.9,17.4,14.6,14.7,131.3,209.5
AMBOHITSILAOZANA,-17.633,48.5,2020,283.2,254.0,185.4,19.5,11.7,34.7,31.5,17.4,10.2,36.1,35.6,82.3
AMBOHITSILAOZANA,-17.633,48.5,2021,183.6,221.2,108.5,57.9,9.9,41.9,37.1,19.2,12.6,24.9,71.6,219.9
AMBOHITSILAOZANA,-17.633,48.5,2022,354.8,210.2,240.1,33.4,9.7,33.1,32.0,17.8,11.8,21.5,46.1,148.9
AMBOHITSILAOZANA,-17.633,48.5,2023,337.5,176.6,208.5,22.0,16.9,26.5,28.9,0.0,12.0,53.7,43.3,172.4
ANTANANARIVO,-18.867,47.5,1986,266.2,300.1,165.0,30.6,17.7,0.0,11.4,7.7,0.0,168.6,129.9,272.3
ANTANANARIVO,-18.867,47.5,1987,333.0,292.3,215.1,28.6,7.0,0.0,5.5,5.5,2.5,53.2,133.3,99.8
ANTANANARIVO,-18.867,47.5,1988,367.1,267.3,102.1,35.9,12.4,0.0,6.9,0.0,0.0,51.0,107.9,224.5
ANTANANARIVO,-18.867,47.5,1989,293.3,283.8,195.6,21.2,20.4,5.0,0.0,6.2,0.0,23.8,159.3,366.8
ANTANANARIVO,-18.867,47.5,1990,331.7,213.8,104.0,55.4,8.2,0.0,5.8,0.0,0.0,74.7,124.5,206.3
ANTANANARIVO,-18.867,47.5,1991,165.1,304.2,300.6,95.9,11.2,9.0,5.9,0.0,0.0,36.6,155.5,171.3
ANTANANARIVO,-18.867,47.5,1992,528.1,282.2,183.6,30.1,7.2,6.6,0.0,8.0,0.0,35.2,180.7,123.1
ANTANANARIVO,-18.867,47.5,1993,187.5,289.8,219.7,47.4,8.4,6.4,5.8,0.0,0.0,50.5,106.8,261.9
ANTANANARIVO,-18.867,47.5,1994,474.2,237.8,263.8,41.6,14.8,5.5,0.0,7.5,0.0,63.5,47.4,219.5
ANTANANARIVO,-18.867,47.5,1995,400.8,361.1,108.3,54.2,11.6,0.0,0.0,0.0,0.0,13.3,77.9,292.4
ANTANANARIVO,-18.867,47.5,1996,433.0,304.0,142.3,16.9,7.4,0.0,0.0,7.2,0.0,16.2,35.0,327.9
ANTANANARIVO,-18.867,47.5,1997,422.6,471.5,128.1,46.1,17.8,0.0,7.5,5.6,10.2,93.9,122.9,394.8
ANTANANARIVO,-18.867,47.5,1998,361.8,465.3,163.2,23.1,10.2,0.0,0.0,7.5,6.6,44.5,78.8,515.3
ANTANANARIVO,-18.867,47.5,1999,337.9,122.8,149.6,13.3,14.8,0.0,5.4,7.5,0.0,46.5,116.2,169.8
ANTANANARIVO,-18.867,47.5,2000,275.2,219.3,161.9,17.6,6.0,0.0,6.8,0.0,0.0,88.8,246.6,282.4
ANTANANARIVO,-18.867,47.5,2001,535.9,188.6,117.4,32.4,6.7,0.0,0.0,5.2,0.0,33.7,125.4,295.9
ANTANANARIVO,-18.867,47.5,2002,201.7,359.5,182.7,40.0,23.1,0.0,0.0,0.0,7.5,35.3,188.4,277.6
ANTANANARIVO,-18.867,47.5,2003,553.3,146.4,250.1,23.5,14.4,0.0,0.0,0.0,22.4,27.9,146.1,175.3
ANTANANARIVO,-18.867,47.5,2004,375.1,229.3,168.3,19.7,13.2,0.0,0.0,0.0,0.0,58.6,154.3,347.1
ANTANANARIVO,-18.867,47.5,2005,261.8,283.4,223.3,34.2,19.6,0.0,11.5,0.0,0.0,15.4,199.0,405.1
ANTANANARIVO,-18.867,47.5,2006,251.4,170.8,185.4,47.9,14.8,5.1,10.1,0.0,0.0,48.9,201.8,265.8
ANTANANARIVO,-18.867,47.5,2007,597.9,431.8,119.0,43.7,16.6,0.0,10.3,0.0,0.0,49.6,153.1,189.8
ANTANANARIVO,-18.867,47.5,2008,297.3,253.4,90.2,45.8,10.5,6.2,0.0,0.0,8.6,75.9,155.2,206.3
ANTANANARIVO,-18.867,47.5,2009,359.1,197.1,217.2,102.4,5.7,0.0,5.3,5.5,7.9,75.9,108.9,228.8
ANTANANARIVO,-18.867,47.5,2010,340.9,263.1,280.9,13.0,10.2,6.9,0.0,0.0,0.0,39.7,128.4,148.7
ANTANANARIVO,-18.867,47.5,2011,347.5,271.7,235.2,81.1,21.2,0.0,0.0,0.0,0.0,117.6,129.1,186.1
ANTANANARIVO,-18.867,47.5,2012,257.7,420.5,157.7,115.0,12.8,0.0,0.0,0.0,8.3,40.0,155.6,188.8
ANTANANARIVO,-18.867,47.5,2013,388.8,295.2,261.9,14.4,11.4,0.0,0.0,5.4,10.8,145.3,161.3,340.8
ANTANANARIVO,-18.867,47.5,2014,424.2,200.5,147.5,7.3,7.3,0.0,0.0,5.7,8.1,10.4,205.5,284.2
ANTANANARIVO,-18.867,47.5,2015,458.0,475.5,162.3,19.8,14.7,0.0,0.0,9.1,8.9,56.8,109.5,284.1
ANTANANARIVO,-18.867,47.5,2016,352.5,219.6,226.9,9.5,8.7,6.9,0.0,5.2,8.1,41.4,114.3,125.2
ANTANANARIVO,-18.867,47.5,2017,167.2,213.3,243.3,59.1,6.6,0.0,0.0,13.3,12.8,52.9,151.6,396.0
ANTANANARIVO,-18.867,47.5,2018,444.9,378.3,114.4,36.3,6.5,0.0,0.0,1.9,9.6,30.4,96.9,239.9
ANTANANARIVO,-18.867,47.5,2019,488.6,302.1,284.0,77.0,7.5,7.1,0.0,5.0,12.1,36.7,252.1,214.6
ANTANANARIVO,-18.867,47.5,2020,418.9,334.9,152.5,22.1,10.8,0.0,0.0,5.0,9.2,48.7,77.4,188.6
ANTANANARIVO,-18.867,47.5,2021,307.7,299.4,153.2,34.7,6.4,7.9,0.0,5.9,12.3,28.9,124.4,213.5
ANTANANARIVO,-18.867,47.5,2022,614.2,232.1,271.3,27.7,6.1,0.0,0.0,5.6,8.5,35.0,170.8,242.1
ANTANANARIVO,-18.867,47.5,2023,461.9,323.8,258.7,79.6,14.5,0.0,0.0,0.0,8.4,130.3,101.2,173.6
ANTSIRABE,-19.817,47.067,1986,201.7,279.3,163.6,82.4,21.9,0.0,0.0,0.0,6.3,253.0,106.4,233.0
ANTSIRABE,-19.817,47.067,1987,366.0,181.0,217.1,80.9,10.6,0.0,10.4,0.0,5.3,65.5,150.8,79.7
ANTSIRABE,-19.817,47.067,1988,333.0,251.0,105.3,70.7,19.9,0.0,6.9,0.0,7.2,88.1,107.8,133.1
ANTSIRABE,-19.817,47.067,1989,408.0,230.2,204.5,51.1,28.1,6.8,0.0,0.0,12.9,60.3,80.2,259.0
ANTSIRABE,-19.817,47.067,1990,370.8,178.5,90.1,132.2,13.1,5.3,0.0,0.0,10.0,43.9,76.4,108.6
ANTSIRABE,-19.817,47.067,1991,182.9,158.8,230.9,140.4,37.8,10.9,0.0,0.0,8.3,81.4,103.7,119.0
ANTSIRABE,-19.817,47.067,1992,508.0,215.1,176.8,81.2,16.1,6.8,0.0,8.1,6.7,52.0,98.5,137.5
ANTSIRABE,-19.817,47.067,1993,271.3,243.9,174.7,77.2,11.5,7.5,0.0,0.0,7.0,35.3,64.1,264.9
ANTSIRABE,-19.817,47.067,1994,344.1,253.4,187.6,73.1,23.9,7.0,5.8,5.3,8.0,106.2,46.6,161.1
ANTSIRABE,-19.817,47.067,1995,346.7,336.9,114.7,119.6,17.0,5.2,0.0,0.0,6.8,33.2,57.2,259.4
ANTSIRABE,-19.817,47.067,1996,302.5,218.9,123.7,35.1,11.7,5.3,0.0,5.3,8.4,25.4,43.4,203.1
ANTSIRABE,-19.817,47.067,1997,324.1,274.6,81.0,59.8,26.6,6.0,0.0,0.0,16.0,128.4,78.4,296.4
ANTSIRABE,-19.817,47.067,1998,315.9,313.1,198.0,81.7,16.9,5.9,0.0,5.5,10.1,64.7,59.1,370.1
ANTSIRABE,-19.817,47.067,1999,377.4,164.5,94.0,47.6,11.6,0.0,0.0,5.5,9.5,43.2,81.6,178.8
ANTSIRABE,-19.817,47.067,2000,274.1,141.9,189.4,42.6,10.5,5.6,0.0,0.0,6.8,92.7,108.3,285.1
ANTSIRABE,-19.817,47.067,2001,487.6,240.1,131.9,51.0,12.2,6.4,0.0,0.0,6.7,37.9,125.1,288.6
ANTSIRABE,-19.817,47.067,2002,230.1,236.8,198.3,63.1,34.3,6.2,0.0,0.0,12.5,56.9,138.4,187.2
ANTSIRABE,-19.817,47.067,2003,479.7,133.9,282.7,63.5,25.9,7.2,0.0,5.6,11.5,37.7,99.5,191.3
ANTSIRABE,-19.817,47.067,2004,292.1,195.5,203.2,69.0,19.0,6.0,0.0,7.5,14.6,143.0,140.3,321.1
ANTSIRABE,-19.817,47.067,2005,242.2,152.1,153.2,75.0,39.4,5.2,7.9,0.0,8.7,32.0,94.9,355.8
ANTSIRABE,-19.817,47.067,2006,204.3,174.3,165.8,99.5,23.6,7.0,5.5,0.0,7.7,27.3,103.4,247.5
ANTSIRABE,-19.817,47.067,2007,595.4,307.2,97.6,104.8,34.9,0.0,0.0,0.0,14.0,56.4,148.7,148.2
ANTSIRABE,-19.817,47.067,2008,310.7,225.9,107.6,62.6,16.4,8.8,0.0,0.0,8.7,111.0,108.3,157.4
ANTSIRABE,-19.817,47.067,2009,337.6,111.3,224.4,138.0,9.4,5.3,0.0,7.9,10.8,121.8,86.0,178.8
ANTSIRABE,-19.817,47.067,2010,295.1,202.2,245.9,31.9,17.1,8.6,0.0,0.0,5.3,40.7,119.8,142.8
ANTSIRABE,-19.817,47.067,2011,364.5,222.3,292.5,188.4,34.6,0.0,0.0,0.0,6.9,109.2,95.7,131.5
ANTSIRABE,-19.817,47.067,2012,367.8,231.8,215.9,158.9,21.2,7.7,0.0,0.0,11.7,78.3,103.5,167.7
ANTSIRABE,-19.817,47.067,2013,281.7,233.1,184.6,51.5,17.0,6.0,5.6,0.0,11.8,169.9,114.7,222.2
ANTSIRABE,-19.817,47.067,2014,385.6,197.7,129.5,39.2,12.7,6.8,9.3,0.0,12.4,23.5,132.9,191.4
ANTSIRABE,-19.817,47.067,2015,411.9,303.2,146.0,28.4,24.2,6.4,7.2,0.0,7.9,74.4,81.5,201.8
ANTSIRABE,-19.817,47.067,2016,294.4,207.9,220.6,44.7,13.9,9.8,7.3,0.0,7.4,50.3,92.8,110.3
ANTSIRABE,-19.817,47.067,2017,171.2,198.9,190.0,121.4,10.4,9.0,12.0,0.0,8.9,62.8,112.2,244.6
ANTSIRABE,-19.817,47.067,2018,308.8,249.1,105.3,142.2,10.6,0.0,7.0,1.1,19.8,45.0,76.8,147.6
ANTSIRABE,-19.817,47.067,2019,371.1,277.5,179.0,110.6,11.6,10.2,5.3,0.0,9.8,82.8,133.8,148.1
ANTSIRABE,-19.817,47.067,2020,341.8,276.9,110.5,90.5,21.9,1.1,7.6,0.0,9.4,49.9,77.2,170.6
ANTSIRABE,-19.817,47.067,2021,266.3,300.2,186.6,73.2,10.5,11.8,8.0,0.0,11.8,38.3,85.2,159.0
ANTSIRABE,-19.817,47.067,2022,439.9,213.6,290.0,102.7,9.1,6.5,5.8,0.0,5.2,79.3,195.5,208.7
ANTSIRABE,-19.817,47.067,2023,388.1,295.4,175.1,125.6,22.5,0.0,2.7,0.0,6.3,70.6,69.6,135.4
MAHANORO,-19.833,48.8,1986,147.2,514.5,378.8,91.3,185.1,115.9,75.1,130.0,47.4,214.6,30.5,269.4
MAHANORO,-19.833,48.8,1987,222.2,371.8,415.6,168.4,132.1,54.2,48.8,100.7,33.6,118.8,28.6,69.6
MAHANORO,-19.833,48.8,1988,349.9,376.5,220.6,221.6,196.6,108.7,102.0,73.9,52.9,106.0,61.5,260.2
MAHANORO,-19.833,48.8,1989,290.4,531.3,351.9,71.6,204.2,127.2,145.8,190.7,95.8,36.9,72.5,522.1
MAHANORO,-19.833,48.8,1990,154.3,329.4,138.3,270.9,141.7,117.1,77.0,100.7,54.6,68.9,34.3,231.3
MAHANORO,-19.833,48.8,1991,157.8,296.6,278.4,264.8,185.7,134.3,93.7,100.7,24.7,82.4,74.0,155.3
MAHANORO,-19.833,48.8,1992,633.9,138.0,251.2,152.6,134.0,133.3,66.7,98.3,52.4,43.2,56.8,130.4
MAHANORO,-19.833,48.8,1993,114.2,553.1,381.6,264.6,104.4,129.2,106.7,98.6,37.8,66.8,85.3,239.3
MAHANORO,-19.833,48.8,1994,510.2,321.3,566.2,136.3,268.3,115.0,116.2,118.2,43.3,102.2,24.4,140.0
MAHANORO,-19.833,48.8,1995,404.5,392.2,153.9,328.3,174.7,117.2,51.8,100.7,48.4,40.8,25.3,282.6
MAHANORO,-19.833,48.8,1996,444.6,669.0,286.4,75.3,128.5,117.1,51.8,100.7,50.6,32.6,12.3,346.9
MAHANORO,-19.833,48.8,1997,300.6,248.3,202.7,83.3,223.0,117.1,51.8,100.7,91.7,99.9,87.4,293.3
MAHANORO,-19.833,48.8,1998,292.5,650.0,138.6,111.0,141.0,117.2,51.8,100.7,95.1,49.3,14.5,339.4
MAHANORO,-19.833,48.8,1999,148.5,254.3,148.1,75.3,155.3,117.1,51.8,100.7,58.2,48.8,42.8,204.6
MAHANORO,-19.833,48.8,2000,121.3,656.7,487.0,62.6,95.8,117.1,51.8,100.7,46.6,97.5,38.7,242.2
MAHANORO,-19.833,48.8,2001,620.3,259.9,247.6,100.5,122.6,117.1,51.8,100.7,48.1,69.6,18.5,316.3
MAHANORO,-19.833,48.8,2002,71.7,552.5,390.1,239.6,352.7,132.4,74.7,108.1,67.7,56.8,71.0,306.2
MAHANORO,-19.833,48.8,2003,548.8,197.8,511.8,149.1,265.0,117.1,72.2,81.5,70.2,46.6,59.2,116.2
MAHANORO,-19.833,48.8,2004,305.7,254.1,288.3,88.6,181.3,121.4,58.7,68.4,57.4,53.6,38.4,313.7
MAHANORO,-19.833,48.8,2005,198.2,388.0,280.9,176.8,303.6,137.4,125.1,113.3,60.8,33.1,76.3,193.0
MAHANORO,-19.833,48.8,2006,263.9,201.2,258.1,115.9,235.5,111.2,103.3,83.5,53.6,64.6,81.4,200.6
MAHANORO,-19.833,48.8,2007,989.6,687.3,220.2,186.0,250.5,117.1,51.8,100.7,56.6,86.5,49.8,167.8
MAHANORO,-19.833,48.8,2008,238.3,453.1,164.4,204.0,277.7,117.7,51.8,100.7,71.5,85.8,49.5,162.8
MAHANORO,-19.833,48.8,2009,241.2,298.3,234.4,265.8,100.0,117.1,51.8,100.7,55.9,62.2,49.7,232.8
MAHANORO,-19.833,48.8,2010,387.5,228.4,626.8,63.3,175.6,121.7,48.7,82.6,31.8,39.5,28.2,97.5
MAHANORO,-19.833,48.8,2011,293.6,456.1,235.5,383.6,171.8,117.1,51.8,100.7,51.0,142.3,23.8,152.6
MAHANORO,-19.833,48.8,2012,290.6,452.7,413.1,202.7,204.4,175.0,91.2,64.9,125.0,81.5,58.7,137.9
MAHANORO,-19.833,48.8,2013,262.5,591.9,278.1,74.2,161.3,55.5,51.4,106.0,66.3,128.5,94.9,336.4
MAHANORO,-19.833,48.8,2014,286.4,351.6,290.2,72.6,135.7,70.0,59.4,106.0,55.3,63.7,71.1,277.3
MAHANORO,-19.833,48.8,2015,432.6,729.6,231.5,77.0,253.5,55.5,51.5,106.0,55.8,76.9,62.3,225.9
MAHANORO,-19.833,48.8,2016,204.7,392.1,333.0,87.4,140.5,55.5,51.5,106.0,51.2,75.3,44.9,127.4
MAHANORO,-19.833,48.8,2017,41.8,247.1,437.9,272.5,131.1,60.5,113.5,106.0,55.3,77.5,103.2,305.8
MAHANORO,-19.833,48.8,2018,439.1,375.1,344.6,335.1,112.2,55.5,97.5,106.0,55.0,92.7,32.3,81.7
MAHANORO,-19.833,48.8,2019,432.4,300.4,337.6,222.4,124.9,102.9,51.5,106.0,61.0,55.6,115.5,203.6
MAHANORO,-19.833,48.8,2020,256.7,364.1,204.8,184.9,152.9,55.0,51.5,106.0,57.7,56.1,26.3,116.7
MAHANORO,-19.833,48.8,2021,75.8,323.8,313.2,184.6,117.7,55.5,51.5,106.0,61.5,44.9,37.0,269.6
MAHANORO,-19.833,48.8,2022,562.1,434.0,318.8,140.8,107.3,55.5,51.5,106.0,53.3,42.8,34.6,201.6
MAHANORO,-19.833,48.8,2023,453.9,319.4,381.9,146.4,178.3,48.1,31.2,0.0,45.7,160.9,30.6,162.8
MORONDAVA,-20.283,44.317,1986,69.1,260.1,123.5,5.0,10.1,0.0,0.0,0.0,0.0,48.3,19.1,128.2
MORONDAVA,-20.283,44.317,1987,391.7,73.2,81.3,18.7,12.7,0.0,0.0,0.0,0.0,8.1,21.1,114.5
MORONDAVA,-20.283,44.317,1988,301.2,146.3,127.7,5.2,7.9,0.0,0.0,0.0,0.0,5.5,17.0,75.2
MORONDAVA,-20.283,44.317,1989,337.0,385.8,97.7,9.2,19.2,0.0,0.0,0.0,0.0,9.5,46.1,285.0
MORONDAVA,-20.283,44.317,1990,225.4,118.3,23.8,15.9,6.7,0.0,0.0,0.0,0.0,6.7,30.0,94.3
MORONDAVA,-20.283,44.317,1991,171.7,337.6,92.3,37.3,13.5,0.0,0.0,0.0,0.0,9.5,8.9,63.4
MORONDAVA,-20.283,44.317,1992,264.2,75.0,28.2,8.1,7.7,0.0,0.0,0.0,0.0,4.7,54.4,57.1
MORONDAVA,-20.283,44.317,1993,373.7,211.3,82.5,5.5,11.1,0.0,0.0,0.0,0.0,6.9,15.5,151.2
MORONDAVA,-20.283,44.317,1994,274.7,377.4,81.6,29.8,8.5,0.0,0.0,0.0,0.0,15.7,8.6,108.5
MORONDAVA,-20.283,44.317,1995,214.4,192.9,32.4,8.9,15.4,0.0,0.0,0.0,0.0,9.6,17.7,212.0
MORONDAVA,-20.283,44.317,1996,386.5,244.8,168.1,5.7,12.7,0.0,0.0,0.0,0.0,8.8,3.5,48.2
MORONDAVA,-20.283,44.317,1997,453.8,235.9,52.1,26.4,12.7,0.0,0.0,0.0,4.4,18.4,8.1,102.7
MORONDAVA,-20.283,44.317,1998,203.1,484.7,47.7,6.1,11.9,0.0,0.0,0.0,0.0,8.9,12.7,171.2
MORONDAVA,-20.283,44.317,1999,426.6,266.3,62.5,16.1,18.1,0.0,0.0,0.0,0.0,14.6,8.8,219.9
MORONDAVA,-20.283,44.317,2000,431.4,249.6,142.1,4.9,5.5,0.0,0.0,0.0,0.0,0.0,16.4,195.1
MORONDAVA,-20.283,44.317,2001,405.7,120.7,112.9,7.5,8.7,0.0,0.0,0.0,0.0,10.6,21.0,234.2
MORONDAVA,-20.283,44.317,2002,95.8,159.1,57.4,4.8,7.1,0.0,0.0,0.0,0.0,5.7,5.4,71.9
MORONDAVA,-20.283,44.317,2003,351.3,248.4,111.8,5.8,5.3,0.0,0.0,0.0,0.0,9.6,5.5,261.0
MORONDAVA,-20.283,44.317,2004,181.0,158.6,201.9,17.4,5.4,0.0,0.0,0.0,0.0,7.2,13.4,305.6
MORONDAVA,-20.283,44.317,2005,416.9,26.1,38.7,5.5,8.6,0.0,0.0,0.0,0.0,6.4,8.8,141.9
MORONDAVA,-20.283,44.317,2006,164.4,181.8,91.6,8.9,5.5,0.0,0.0,0.0,0.0,0.0,5.7,159.4
MORONDAVA,-20.283,44.317,2007,630.1,231.6,60.7,30.7,7.8,0.0,0.0,0.0,0.0,0.0,20.3,240.1
MORONDAVA,-20.283,44.317,2008,265.5,236.5,56.9,3.9,10.4,0.0,0.0,0.0,0.0,13.5,21.8,103.7
MORONDAVA,-20.283,44.317,2009,447.7,154.0,126.0,10.7,8.7,0.0,0.0,0.0,0.0,10.7,5.3,93.8
MORONDAVA,-20.283,44.317,2010,205.4,125.9,64.2,3.9,8.7,0.0,0.0,0.0,0.0,8.5,6.4,132.8
MORONDAVA,-20.283,44.317,2011,465.6,154.4,157.9,23.3,8.7,0.0,0.0,0.0,0.0,14.8,6.3,43.1
MORONDAVA,-20.283,44.317,2012,444.8,92.0,96.1,31.7,9.1,0.0,0.0,0.0,0.0,13.9,5.7,116.7
MORONDAVA,-20.283,44.317,2013,159.5,330.2,16.5,0.0,10.2,0.0,0.0,0.0,0.0,11.9,6.9,42.7
MORONDAVA,-20.283,44.317,2014,537.7,151.9,51.9,5.6,7.3,0.0,0.0,0.0,0.0,8.4,6.5,52.3
MORONDAVA,-20.283,44.317,2015,501.3,413.6,173.8,0.0,6.4,0.0,0.0,0.0,0.0,16.5,5.7,71.6
MORONDAVA,-20.283,44.317,2016,74.8,79.5,199.4,6.0,10.7,0.0,0.0,0.0,0.0,6.7,11.3,106.3
MORONDAVA,-20.283,44.317,2017,129.6,217.7,47.6,26.3,7.6,0.0,0.0,0.0,0.0,0.0,16.1,71.5
MORONDAVA,-20.283,44.317,2018,96.4,147.6,64.2,28.6,6.7,0.0,0.0,0.0,3.8,9.4,10.5,45.7
MORONDAVA,-20.283,44.317,2019,218.2,115.2,66.6,5.3,8.3,0.0,0.0,0.0,0.0,5.8,21.4,125.1
MORONDAVA,-20.283,44.317,2020,153.1,68.7,10.7,5.7,7.4,2.0,0.0,0.0,1.3,5.2,5.4,107.0
MORONDAVA,-20.283,44.317,2021,134.6,471.5,36.1,4.0,6.2,0.0,0.0,0.0,0.0,0.0,6.7,57.9
MORONDAVA,-20.283,44.317,2022,127.8,137.7,123.3,8.5,5.8,0.0,0.0,0.0,1.3,5.4,21.1,120.1
MORONDAVA,-20.283,44.317,2023,421.5,131.5,182.3,5.4,7.4,0.0,0.0,0.0,0.0,6.1,0.0,85.8
FIANARANTSOA,-21.45,47.1,1986,117.3,232.5,168.6,28.4,15.1,11.1,13.5,15.9,7.8,142.9,165.0,388.9
FIANARANTSOA,-21.45,47.1,1987,290.1,111.7,103.0,59.4,21.3,7.4,31.1,13.2,9.8,63.4,114.4,122.8
FIANARANTSOA,-21.45,47.1,1988,208.1,264.9,71.1,32.9,22.1,8.7,26.3,8.0,9.4,91.0,127.1,146.2
FIANARANTSOA,-21.45,47.1,1989,314.0,291.6,163.9,22.1,49.7,10.6,21.8,18.0,22.2,56.3,106.0,395.6
FIANARANTSOA,-21.45,47.1,1990,324.9,176.6,85.6,55.8,21.0,6.8,9.6,18.7,18.2,25.6,65.5,167.5
FIANARANTSOA,-21.45,47.1,1991,88.5,169.0,109.3,39.7,48.2,11.5,11.7,17.7,6.9,80.7,94.7,109.2
FIANARANTSOA,-21.45,47.1,1992,305.2,44.6,128.3,24.4,39.7,8.7,15.7,18.8,10.4,54.1,151.2,125.3
FIANARANTSOA,-21.45,47.1,1993,239.6,270.9,170.4,24.5,10.5,12.5,36.4,9.4,11.2,32.2,61.6,258.9
FIANARANTSOA,-21.45,47.1,1994,293.7,252.9,126.9,31.4,44.3,10.2,22.2,22.3,12.4,68.4,69.4,130.4
FIANARANTSOA,-21.45,47.1,1995,264.7,288.7,66.7,57.5,22.7,10.4,15.1,17.7,9.8,28.9,47.0,313.1
FIANARANTSOA,-21.45,47.1,1996,277.2,163.8,200.8,23.8,21.7,10.4,15.1,17.7,13.3,37.3,69.0,348.8
FIANARANTSOA,-21.45,47.1,1997,246.0,291.8,79.2,27.5,26.7,10.4,15.1,17.7,31.1,88.1,65.7,283.4
FIANARANTSOA,-21.45,47.1,1998,201.1,434.4,155.8,36.9,22.4,10.4,15.1,17.7,14.1,79.2,64.1,377.8
FIANARANTSOA,-21.45,47.1,1999,271.1,193.9,80.5,25.9,21.8,10.4,15.1,17.7,14.0,38.2,70.0,346.9
FIANARANTSOA,-21.45,47.1,2000,252.5,165.5,159.4,18.5,14.5,10.4,15.1,17.7,9.4,79.7,112.6,289.9
FIANARANTSOA,-21.45,47.1,2001,286.5,252.6,136.2,24.1,34.7,11.9,15.1,17.7,8.4,59.3,61.1,362.6
FIANARANTSOA,-21.45,47.1,2002,183.9,249.0,121.0,36.3,39.0,17.5,16.2,14.5,11.8,26.7,115.3,229.1
FIANARANTSOA,-21.45,47.1,2003,328.6,123.8,230.9,39.5,28.4,18.6,15.7,11.0,15.2,27.5,105.8,222.5
FIANARANTSOA,-21.45,47.1,2004,219.0,181.5,187.1,26.7,21.4,14.8,17.9,8.6,18.7,115.3,155.2,307.5
FIANARANTSOA,-21.45,47.1,2005,181.7,114.3,83.9,31.6,54.6,10.0,12.2,9.9,12.5,29.6,101.7,362.2
FIANARANTSOA,-21.45,47.1,2006,106.7,85.5,130.7,46.0,48.8,10.7,15.1,10.5,12.0,14.3,122.5,251.5
FIANARANTSOA,-21.45,47.1,2007,467.0,429.9,93.1,77.1,31.8,11.3,9.9,9.4,20.9,34.5,163.4,144.4
FIANARANTSOA,-21.45,47.1,2008,277.9,261.4,76.8,29.8,31.7,19.3,15.0,17.7,13.5,89.0,150.9,181.9
FIANARANTSOA,-21.45,47.1,2009,338.4,107.9,228.6,66.9,15.9,7.1,38.3,16.8,14.5,55.8,111.4,167.8
FIANARANTSOA,-21.45,47.1,2010,198.4,104.3,231.8,13.0,37.5,19.6,31.0,15.1,7.5,42.2,77.7,193.9
FIANARANTSOA,-21.45,47.1,2011,242.6,286.9,287.9,99.2,23.6,5.9,6.8,17.7,8.5,27.7,129.8,136.6
FIANARANTSOA,-21.45,47.1,2012,328.2,236.1,228.3,63.7,31.5,15.4,7.5,9.6,12.5,57.1,109.6,199.7
FIANARANTSOA,-21.45,47.1,2013,181.0,291.7,109.4,22.5,20.0,8.0,11.7,16.2,12.1,125.7,144.5,205.5
FIANARANTSOA,-21.45,47.1,2014,393.4,150.7,88.3,25.4,21.2,7.0,14.3,16.5,17.9,19.5,107.2,226.5
FIANARANTSOA,-21.45,47.1,2015,282.3,320.3,76.8,18.9,26.2,12.8,12.2,10.5,15.5,90.9,140.7,216.6
FIANARANTSOA,-21.45,47.1,2016,133.4,192.5,198.4,14.2,16.5,9.6,15.6,11.1,9.9,70.5,129.4,149.5
FIANARANTSOA,-21.45,47.1,2017,97.4,224.4,108.7,49.3,41.0,22.7,12.5,12.7,22.1,21.2,109.6,232.3
FIANARANTSOA,-21.45,47.1,2018,221.2,231.4,91.9,66.8,26.2,9.7,22.4,12.8,19.8,45.7,136.7,182.5
FIANARANTSOA,-21.45,47.1,2019,319.7,246.6,194.1,41.8,23.5,33.6,14.5,11.9,22.8,60.9,154.8,164.7
FIANARANTSOA,-21.45,47.1,2020,241.0,146.6,79.6,40.2,23.7,18.8,23.7,9.3,12.7,24.9,54.7,150.1
FIANARANTSOA,-21.45,47.1,2021,202.3,321.3,118.3,25.0,16.1,20.3,14.0,13.7,15.5,21.2,63.1,118.9
FIANARANTSOA,-21.45,47.1,2022,310.0,246.4,152.0,30.0,15.2,16.9,23.3,13.8,10.0,59.6,125.3,200.3
FIANARANTSOA,-21.45,47.1,2023,305.9,204.6,178.0,48.4,27.9,5.8,6.8,0.0,9.2,71.4,38.0,200.3
RANOHIRA,-22.55,45.4,1986,90.4,187.1,105.9,22.1,12.3,0.0,0.0,0.0,5.4,101.5,122.2,134.2
RANOHIRA,-22.55,45.4,1987,373.7,150.1,110.3,43.2,10.1,0.0,0.0,0.0,0.0,23.9,58.4,108.0
RANOHIRA,-22.55,45.4,1988,180.9,177.0,85.4,18.3,9.7,0.0,0.0,0.0,5.4,41.5,87.8,115.5
RANOHIRA,-22.55,45.4,1989,252.9,307.9,134.7,12.6,22.8,0.0,0.0,0.0,13.7,43.8,91.0,213.0
RANOHIRA,-22.55,45.4,1990,245.3,200.4,58.9,37.4,12.4,5.9,0.0,0.0,5.4,20.9,45.2,88.9
RANOHIRA,-22.55,45.4,1991,110.2,187.3,75.7,28.1,13.6,0.0,0.0,0.0,12.8,40.3,79.4,83.1
RANOHIRA,-22.55,45.4,1992,208.5,72.4,52.2,10.5,10.7,0.0,0.0,0.0,5.4,25.7,307.4,100.0
RANOHIRA,-22.55,45.4,1993,338.0,183.8,53.3,25.1,10.4,0.0,0.0,0.0,0.0,27.5,18.0,150.4
RANOHIRA,-22.55,45.4,1994,225.8,300.9,85.2,38.0,9.1,0.0,0.0,0.0,0.0,84.8,67.9,61.1
RANOHIRA,-22.55,45.4,1995,181.7,373.3,35.6,22.1,9.5,0.0,0.0,0.0,5.4,14.8,66.7,177.2
RANOHIRA,-22.55,45.4,1996,214.3,104.7,159.1,11.8,16.3,0.0,0.0,0.0,5.4,39.0,66.3,203.1
RANOHIRA,-22.55,45.4,1997,244.3,207.7,61.5,23.4,23.4,0.0,0.0,0.0,9.1,81.2,37.7,153.1
RANOHIRA,-22.55,45.4,1998,169.5,389.4,78.7,26.7,14.1,0.0,0.0,0.0,5.4,29.2,43.4,215.0
RANOHIRA,-22.55,45.4,1999,332.9,306.8,56.1,31.8,12.0,5.0,0.0,0.0,5.4,10.4,50.4,265.7
RANOHIRA,-22.55,45.4,2000,321.1,152.5,57.2,10.3,11.6,0.0,0.0,0.0,0.0,21.5,208.7,170.2
RANOHIRA,-22.55,45.4,2001,252.4,207.0,140.9,18.0,15.3,0.0,0.0,0.0,0.0,52.3,89.4,203.3
RANOHIRA,-22.55,45.4,2002,154.5,192.2,64.4,24.9,16.4,0.0,0.0,0.0,0.0,32.0,51.2,125.7
RANOHIRA,-22.55,45.4,2003,308.5,85.3,119.2,38.7,11.9,0.0,0.0,0.0,0.0,34.2,42.9,206.0
RANOHIRA,-22.55,45.4,2004,142.3,120.1,202.4,22.7,8.1,0.0,0.0,0.0,0.0,40.7,81.6,196.4
RANOHIRA,-22.55,45.4,2005,422.2,104.3,68.5,22.9,17.2,0.0,0.0,0.0,7.4,6.8,57.5,191.8
RANOHIRA,-22.55,45.4,2006,176.0,124.6,88.9,29.3,12.4,5.1,0.0,0.0,0.0,34.0,50.7,188.4
RANOHIRA,-22.55,45.4,2007,374.1,290.4,56.4,72.0,14.0,3.4,0.0,0.0,0.0,17.5,107.1,113.2
RANOHIRA,-22.55,45.4,2008,239.4,218.3,53.5,16.7,10.3,0.0,0.0,0.0,0.0,58.4,81.5,110.2
RANOHIRA,-22.55,45.4,2009,266.8,111.5,177.3,20.8,8.6,0.0,0.0,0.0,5.6,18.0,74.8,75.5
RANOHIRA,-22.55,45.4,2010,141.9,136.2,98.1,14.0,26.1,6.8,0.0,0.0,0.0,62.3,60.4,119.3
RANOHIRA,-22.55,45.4,2011,335.3,191.1,168.7,69.9,7.6,0.0,0.0,0.0,0.0,21.2,50.3,69.0
RANOHIRA,-22.55,45.4,2012,307.0,129.5,144.6,36.0,9.4,0.0,0.0,0.0,0.0,68.7,109.5,142.5
RANOHIRA,-22.55,45.4,2013,135.1,259.5,66.7,11.4,8.1,0.0,0.0,0.0,5.6,45.1,78.2,60.5
RANOHIRA,-22.55,45.4,2014,450.2,111.5,45.9,16.7,11.7,0.0,0.0,5.4,14.5,21.4,34.4,71.1
RANOHIRA,-22.55,45.4,2015,287.1,260.6,96.4,11.8,8.5,0.0,0.0,0.0,10.0,77.0,59.3,98.7
RANOHIRA,-22.55,45.4,2016,95.1,128.6,250.9,16.8,6.8,0.0,0.0,0.0,0.0,49.1,85.5,72.1
RANOHIRA,-22.55,45.4,2017,133.0,227.2,94.7,45.6,23.1,0.0,0.0,0.0,10.9,15.9,62.9,109.0
RANOHIRA,-22.55,45.4,2018,97.7,163.6,64.9,68.8,31.2,0.0,0.0,0.0,11.3,43.9,54.1,104.0
RANOHIRA,-22.55,45.4,2019,291.4,134.4,104.2,37.0,10.3,5.3,0.0,0.0,10.2,26.0,109.1,91.9
RANOHIRA,-22.55,45.4,2020,185.0,144.0,37.0,29.9,21.6,0.0,0.0,0.0,1.2,26.9,22.6,44.3
RANOHIRA,-22.55,45.4,2021,172.6,274.9,118.2,15.2,18.6,9.5,0.0,0.0,0.0,10.2,38.3,80.3
RANOHIRA,-22.55,45.4,2022,205.3,148.3,92.3,18.2,7.8,1.5,0.0,0.0,1.6,50.9,106.3,153.1
RANOHIRA,-22.55,45.4,2023,235.4,215.5,255.3,25.0,19.0,0.0,0.0,0.0,0.0,20.6,31.7,90.4
FARAFANGANA,-22.8,47.833,1986,128.8,379.9,363.7,175.1,128.2,306.7,72.8,69.7,46.6,220.7,156.0,477.5
FARAFANGANA,-22.8,47.833,1987,282.5,120.7,261.0,263.2,197.3,89.3,145.6,87.3,107.7,49.3,65.2,99.2
FARAFANGANA,-22.8,47.833,1988,299.5,132.1,175.7,301.1,210.9,157.3,112.1,89.4,53.7,108.1,85.3,360.0
FARAFANGANA,-22.8,47.833,1989,377.7,402.7,346.6,164.4,528.3,107.2,133.9,68.5,89.6,35.2,101.1,385.2
FARAFANGANA,-22.8,47.833,1990,440.0,287.1,191.4,444.2,204.0,101.5,45.6,87.3,77.3,35.0,50.3,209.5
FARAFANGANA,-22.8,47.833,1991,177.5,96.0,200.9,185.4,360.1,124.3,56.8,87.3,41.3,97.6,73.4,132.8
FARAFANGANA,-22.8,47.833,1992,523.1,72.8,155.5,140.9,327.9,112.5,45.6,121.3,65.9,38.4,94.5,87.1
FARAFANGANA,-22.8,47.833,1993,220.8,485.0,301.2,260.7,127.9,132.6,107.3,78.9,82.4,32.9,39.7,238.3
FARAFANGANA,-22.8,47.833,1994,413.6,392.6,222.7,209.8,226.2,129.0,104.3,89.3,64.7,92.8,51.8,226.0
FARAFANGANA,-22.8,47.833,1995,371.2,260.1,202.3,225.1,195.9,119.3,45.9,87.3,48.9,26.2,48.7,296.7
FARAFANGANA,-22.8,47.833,1996,441.8,274.0,447.7,164.4,195.9,119.1,45.9,87.3,63.2,48.8,39.0,399.4
FARAFANGANA,-22.8,47.833,1997,468.3,294.1,217.9,239.8,276.8,119.1,45.9,87.3,120.1,108.4,68.8,430.3
FARAFANGANA,-22.8,47.833,1998,289.1,801.9,242.8,189.7,197.6,119.3,45.9,87.3,65.9,38.5,31.8,484.0
FARAFANGANA,-22.8,47.833,1999,292.4,380.3,297.2,193.8,195.9,119.1,45.9,87.3,63.2,57.0,29.1,247.7
FARAFANGANA,-22.8,47.833,2000,439.3,348.8,306.0,163.3,118.5,119.7,45.9,87.3,47.0,71.4,57.6,260.3
FARAFANGANA,-22.8,47.833,2001,234.4,299.5,208.9,142.0,195.9,186.1,45.9,71.7,38.3,79.2,33.0,366.4
FARAFANGANA,-22.8,47.833,2002,229.1,352.7,312.2,439.6,249.6,103.8,71.4,72.0,55.7,29.2,64.8,286.0
FARAFANGANA,-22.8,47.833,2003,438.1,205.5,488.4,306.0,425.0,283.7,47.2,98.6,66.2,26.4,53.8,178.3
FARAFANGANA,-22.8,47.833,2004,417.3,287.1,429.8,180.1,235.8,148.2,95.0,54.1,90.0,84.2,53.9,302.3
FARAFANGANA,-22.8,47.833,2005,333.8,407.3,350.2,373.0,302.3,134.7,138.7,65.0,57.8,22.9,66.8,394.6
FARAFANGANA,-22.8,47.833,2006,169.5,116.2,165.4,347.7,358.1,119.0,46.1,87.3,50.3,26.0,116.4,142.5
FARAFANGANA,-22.8,47.833,2007,764.3,616.7,193.1,636.1,292.3,104.8,37.2,87.3,83.3,50.8,88.3,133.1
FARAFANGANA,-22.8,47.833,2008,331.9,438.8,110.8,443.5,300.4,120.4,44.2,87.3,90.6,55.7,88.7,237.8
FARAFANGANA,-22.8,47.833,2009,431.1,181.1,470.5,415.6,280.5,100.8,80.7,87.3,64.2,47.4,65.3,154.1
FARAFANGANA,-22.8,47.833,2010,278.2,160.7,762.6,119.3,534.4,135.9,71.2,87.3,49.3,43.8,37.4,233.2
FARAFANGANA,-22.8,47.833,2011,452.9,637.7,477.3,506.0,227.5,98.0,31.9,87.3,46.7,44.4,67.5,138.2
FARAFANGANA,-22.8,47.833,2012,532.8,166.0,478.0,480.2,218.1,145.8,35.1,31.5,50.7,74.6,82.2,219.0
FARAFANGANA,-22.8,47.833,2013,247.3,520.0,188.3,136.3,176.9,50.7,41.3,97.9,43.1,117.9,182.3,358.9
FARAFANGANA,-22.8,47.833,2014,546.5,275.8,193.6,236.6,200.6,47.8,41.3,97.9,69.1,47.7,74.6,469.8
FARAFANGANA,-22.8,47.833,2015,567.1,293.8,185.1,148.4,413.2,62.0,37.1,97.9,66.7,69.7,124.5,296.7
FARAFANGANA,-22.8,47.833,2016,168.6,201.7,312.1,108.6,140.3,53.3,47.0,97.9,49.3,70.9,103.1,135.9
FARAFANGANA,-22.8,47.833,2017,107.0,310.3,282.3,532.5,279.2,90.1,124.5,97.9,70.5,27.4,93.1,442.2
FARAFANGANA,-22.8,47.833,2018,327.4,354.3,330.0,360.9,368.9,55.2,57.2,97.9,67.4,77.5,108.2,187.5
FARAFANGANA,-22.8,47.833,2019,539.4,224.8,351.7,491.9,228.7,158.9,40.8,97.9,95.8,72.6,95.4,252.8
FARAFANGANA,-22.8,47.833,2020,283.6,100.3,203.5,440.1,192.9,131.6,167.5,97.9,62.4,32.0,30.8,173.9
FARAFANGANA,-22.8,47.833,2021,101.7,200.6,230.7,177.5,204.1,163.5,128.3,97.9,65.4,39.6,52.9,104.6
FARAFANGANA,-22.8,47.833,2022,487.8,306.0,374.1,193.0,174.2,126.8,75.1,112.2,56.5,56.1,44.1,166.9
FARAFANGANA,-22.8,47.833,2023,403.8,230.4,448.7,349.6,225.6,36.3,104.7,0.0,44.9,91.4,9.7,326.8
FAUX-CAP,-25.55,45.533,1986,32.2,42.5,37.0,9.2,20.8,36.9,29.7,5.7,16.9,22.4,47.6,96.4
FAUX-CAP,-25.55,45.533,1987,95.4,71.2,28.1,24.5,20.8,39.1,27.7,7.9,16.7,25.8,47.2,19.4
FAUX-CAP,-25.55,45.533,1988,61.4,35.3,29.7,14.0,41.0,17.9,13.1,6.3,13.3,16.5,40.2,135.9
FAUX-CAP,-25.55,45.533,1989,73.4,108.4,57.2,9.5,35.0,36.3,15.1,6.8,19.4,33.6,38.6,112.8
FAUX-CAP,-25.55,45.533,1990,75.7,127.5,23.0,34.8,32.6,26.8,24.0,5.7,22.9,10.3,26.3,85.1
FAUX-CAP,-25.55,45.533,1991,26.5,20.3,24.7,15.2,31.8,19.3,73.5,5.7,9.3,12.9,22.3,44.2
FAUX-CAP,-25.55,45.533,1992,93.9,27.8,18.2,13.5,48.6,23.0,22.1,5.7,21.7,12.9,50.2,106.8
FAUX-CAP,-25.55,45.533,1993,93.5,125.0,11.8,15.6,29.5,21.3,13.5,9.0,13.2,15.0,12.9,52.1
FAUX-CAP,-25.55,45.533,1994,54.4,133.9,34.6,19.7,32.6,28.7,25.2,5.7,16.8,45.0,19.7,107.1
FAUX-CAP,-25.55,45.533,1995,84.8,84.9,10.1,24.8,20.8,17.1,14.3,5.7,13.2,14.6,22.1,74.4
FAUX-CAP,-25.55,45.533,1996,79.1,82.9,108.6,15.6,20.8,17.3,15.5,5.7,13.2,12.0,9.8,83.9
FAUX-CAP,-25.55,45.533,1997,103.3,30.8,18.0,13.4,79.2,17.0,14.9,5.7,26.1,16.9,22.9,99.1
FAUX-CAP,-25.55,45.533,1998,74.6,186.6,21.3,7.1,20.8,21.8,14.2,5.7,15.0,13.0,12.0,78.6
FAUX-CAP,-25.55,45.533,1999,100.0,206.3,21.9,21.2,20.8,22.5,14.9,5.7,13.4,17.9,12.4,152.8
FAUX-CAP,-25.55,45.533,2000,88.4,59.3,21.1,6.5,40.0,34.4,20.6,5.7,16.3,8.2,16.7,73.3
FAUX-CAP,-25.55,45.533,2001,59.2,43.3,98.1,13.6,27.1,39.1,19.9,5.7,17.3,16.7,21.7,143.7
FAUX-CAP,-25.55,45.533,2002,36.1,98.8,21.9,25.2,20.8,22.5,21.5,5.7,49.0,8.3,33.1,104.6
FAUX-CAP,-25.55,45.533,2003,56.3,53.2,39.3,18.3,20.8,18.6,14.5,5.7,13.4,11.4,11.8,74.0
FAUX-CAP,-25.55,45.533,2004,35.7,109.8,50.2,22.8,41.0,20.4,15.4,5.7,32.1,16.6,20.9,67.2
FAUX-CAP,-25.55,45.533,2005,161.9,22.9,85.3,14.7,18.0,36.6,14.9,6.8,13.4,9.3,19.1,80.7
FAUX-CAP,-25.55,45.533,2006,53.8,51.8,39.8,8.8,66.4,33.9,14.9,5.7,13.4,6.3,34.1,50.5
FAUX-CAP,-25.55,45.533,2007,68.5,116.9,11.4,39.3,28.4,41.6,14.8,5.7,13.4,6.7,24.3,30.7
FAUX-CAP,-25.55,45.533,2008,58.2,162.7,37.9,48.2,54.1,54.1,14.8,5.7,19.3,9.5,13.5,34.0
FAUX-CAP,-25.55,45.533,2009,57.8,29.0,109.6,12.5,21.4,27.3,14.5,5.7,17.0,15.1,33.9,87.0
FAUX-CAP,-25.55,45.533,2010,28.4,27.9,77.7,10.1,43.8,71.8,14.9,5.7,20.9,19.6,16.1,146.1
FAUX-CAP,-25.55,45.533,2011,90.1,118.0,29.4,25.2,21.5,65.6,22.0,12.2,10.8,13.1,14.9,53.8
FAUX-CAP,-25.55,45.533,2012,72.2,79.9,62.9,12.2,17.5,14.1,13.4,13.2,13.6,33.2,24.9,93.6
FAUX-CAP,-25.55,45.533,2013,52.1,134.5,41.1,6.7,18.8,38.7,15.1,5.2,10.2,35.0,48.0,36.2
FAUX-CAP,-25.55,45.533,2014,95.1,79.5,29.6,14.2,27.8,31.1,15.2,5.2,6.5,24.5,24.2,118.1
FAUX-CAP,-25.55,45.533,2015,115.3,120.9,15.9,11.2,37.1,18.0,15.1,5.2,18.7,15.1,38.2,73.5
FAUX-CAP,-25.55,45.533,2016,28.7,34.9,61.7,11.3,18.8,18.7,31.0,9.4,7.6,9.8,25.4,66.3
FAUX-CAP,-25.55,45.533,2017,71.7,65.7,40.6,40.2,29.9,44.9,30.9,9.3,11.4,7.0,20.5,118.3
FAUX-CAP,-25.55,45.533,2018,25.8,135.1,21.2,20.9,26.9,19.6,31.0,5.3,5.7,18.8,26.6,51.9
FAUX-CAP,-25.55,45.533,2019,136.1,64.2,39.8,20.9,24.4,29.4,13.6,9.3,15.3,12.8,34.9,51.5
FAUX-CAP,-25.55,45.533,2020,37.7,33.3,13.8,20.6,18.9,17.6,32.2,9.1,15.2,17.7,13.0,13.8
FAUX-CAP,-25.55,45.533,2021,42.7,84.8,46.0,14.0,35.5,24.3,36.6,9.3,15.2,8.2,12.6,51.2
FAUX-CAP,-25.55,45.533,2022,57.6,145.0,17.5,33.7,28.6,18.2,31.0,10.5,14.0,5.3,17.1,150.0
FAUX-CAP,-25.55,45.533,2023,68.0,47.3,86.6,15.9,19.9,43.5,22.0,0.0,5.3,21.3,8.5,43.0
