,obs_value,fcst_cemcat,obs_clim,obs_relanom,obs_terc,fcst_terc,obs_cemcat,obs_quantanom,fcst_heidkehit,fcst_intrate,fcst_ignorance,fcst_rpss,fcst_cemhit
ADDO_ELEPHANT_PARK,102.6,3,99.01,4.0,2.0,2,3.0,0.567,1.0,21.2,1.32,0.18,3.0
ALEXANDER_BAY,7.7,3,18.67,-59.0,1.0,2,1.0,0.1,0.0,-24.2,2.0,-0.21,1.0
ALLDAYS,49.8,3,54.77,-9.0,2.0,2,3.0,0.5,1.0,21.2,1.32,0.18,3.0
AUGRABIES_FALLS,74.9,3,45.89,63.0,3.0,2,4.0,0.933,0.0,6.1,1.51,0.11,2.0
BEAUFORT_WEST,93.7,3,71.38,31.0,3.0,2,4.0,0.9,0.0,6.1,1.51,0.11,2.0
BEITBRIDGE,62.0,3,45.18,37.0,3.0,2,4.0,0.767,0.0,6.1,1.51,0.11,2.0
BINGA,91.3,3,111.23,-18.0,2.0,2,2.0,0.4,1.0,21.2,1.32,0.18,2.0
BINGA_2,91.3,3,111.23,-18.0,2.0,2,2.0,0.4,1.0,21.2,1.32,0.18,2.0
BLOEMHOF,188.6,3,128.42,47.0,3.0,2,4.0,0.9,0.0,6.1,1.51,0.11,2.0
BOLEPI_HOUSE,176.5,3,140.3,26.0,3.0,2,4.0,0.867,0.0,6.1,1.51,0.11,2.0
BRANDVLEI,54.4,3,36.76,48.0,3.0,2,4.0,0.933,0.0,6.1,1.51,0.11,2.0
BUFFALO_RANGE,136.8,3,95.7,43.0,3.0,2,4.0,0.833,0.0,6.1,1.51,0.11,2.0
BUHERA,105.7,3,96.78,9.0,2.0,2,3.0,0.633,1.0,21.2,1.32,0.18,3.0
BULAWAYO_(GOETZ_OBS,81.7,3,92.43,-12.0,2.0,2,2.0,0.5,1.0,21.2,1.32,0.18,2.0
BULAWAYO_AIRPORT,81.7,3,92.43,-12.0,2.0,2,2.0,0.5,1.0,21.2,1.32,0.18,2.0
CALVINIA,75.5,3,63.03,20.0,3.0,2,4.0,0.667,0.0,6.1,1.51,0.11,2.0
CAPE_COLUMBINE,49.6,3,60.74,-18.0,1.0,2,1.0,0.233,0.0,-24.2,2.0,-0.21,1.0
CAPE_ST._FRANCIS,148.7,3,142.62,4.0,3.0,2,4.0,0.667,0.0,6.1,1.51,0.11,2.0
CAPE_TOWN_-_PORTNET,144.9,3,139.54,4.0,2.0,2,3.0,0.633,1.0,21.2,1.32,0.18,3.0
CAPE_TOWN_INTNL._AIRPORT,124.5,3,126.05,-1.0,2.0,2,3.0,0.633,1.0,21.2,1.32,0.18,3.0
CHINHOYI,127.4,3,126.71,1.0,2.0,2,3.0,0.6,1.0,21.2,1.32,0.18,3.0
CHIPINGE,238.7,3,193.64,23.0,3.0,2,4.0,0.7,0.0,6.1,1.51,0.11,2.0
CHISENGU,361.0,3,255.1,42.0,3.0,2,4.0,0.767,0.0,6.1,1.51,0.11,2.0
CHIVHU,91.9,3,92.01,-0.0,2.0,2,2.0,0.5,1.0,21.2,1.32,0.18,2.0
CLANWILLIAM,52.9,3,52.11,2.0,2.0,2,3.0,0.533,1.0,21.2,1.32,0.18,3.0
CRADOCK,121.2,3,74.27,63.0,3.0,2,4.0,1.0,0.0,6.1,1.51,0.11,2.0
CT-AWS,124.5,3,126.05,-1.0,2.0,2,3.0,0.633,1.0,21.2,1.32,0.18,3.0
CUMBERLAND,63.2,3,81.84,-23.0,1.0,2,1.0,0.3,0.0,-24.2,2.0,-0.21,1.0
DE_AAR,205.4,3,89.22,130.0,3.0,2,4.0,1.0,0.0,6.1,1.51,0.11,2.0
DE_AAR_2,195.1,3,85.24,129.0,3.0,2,4.0,1.0,0.0,6.1,1.51,0.11,2.0
DOUGLAS,215.4,3,90.48,138.0,3.0,2,4.0,1.0,0.0,6.1,1.51,0.11,2.0
ELGIN_EXP_FARM,180.3,3,154.63,17.0,3.0,2,4.0,0.833,0.0,6.1,1.51,0.11,2.0
EROS,41.0,3,104.25,-61.0,1.0,2,1.0,0.1,0.0,-24.2,2.0,-0.21,1.0
EXCELSIOR_CERES,85.8,3,91.41,-6.0,2.0,2,2.0,0.467,1.0,21.2,1.32,0.18,2.0
FAURESMITH,192.8,3,101.26,90.0,3.0,2,4.0,1.0,0.0,6.1,1.51,0.11,2.0
FRANCISTOWN,58.8,3,69.19,-15.0,2.0,2,2.0,0.467,1.0,21.2,1.32,0.18,2.0
FRASERBURG,74.8,3,63.04,19.0,3.0,2,4.0,0.767,0.0,6.1,1.51,0.11,2.0
GABORONE,107.6,3,92.63,16.0,3.0,2,4.0,0.733,0.0,6.1,1.51,0.11,2.0
GARIEP_DAM,178.7,3,122.83,45.0,3.0,2,4.0,0.933,0.0,6.1,1.51,0.11,2.0
GEELBEK,69.1,3,75.66,-9.0,2.0,2,2.0,0.367,1.0,21.2,1.32,0.18,2.0
GEORGE_AIRPORT,153.3,3,159.96,-4.0,2.0,2,2.0,0.467,1.0,21.2,1.32,0.18,2.0
GHANZI,114.0,3,89.07,28.0,2.0,2,3.0,0.6,1.0,21.2,1.32,0.18,3.0
GOBABEB,1.5,3,8.94,-83.0,1.0,2,1.0,0.1,0.0,-24.2,2.0,-0.21,1.0
GOBABIS,64.8,3,91.12,-29.0,1.0,2,1.0,0.267,0.0,-24.2,2.0,-0.21,1.0
GOKWE,136.9,3,103.09,33.0,3.0,2,4.0,0.733,0.0,6.1,1.51,0.11,2.0
GOOD_HOPE,191.4,3,105.46,81.0,3.0,2,4.0,0.967,0.0,6.1,1.51,0.11,2.0
GRAAFF-REINET,140.8,3,78.51,79.0,3.0,2,4.0,1.0,0.0,6.1,1.51,0.11,2.0
GRAAFF_REINET,140.8,3,78.51,79.0,3.0,2,4.0,1.0,0.0,6.1,1.51,0.11,2.0
GRAND_CENTRAL,176.5,3,140.3,26.0,3.0,2,4.0,0.867,0.0,6.1,1.51,0.11,2.0
GROOTFONTEIN,118.5,3,121.59,-3.0,2.0,2,3.0,0.6,1.0,21.2,1.32,0.18,3.0
GWERU,113.4,3,95.19,19.0,3.0,2,4.0,0.767,0.0,6.1,1.51,0.11,2.0
GWETA,131.8,3,91.29,44.0,3.0,2,4.0,0.733,0.0,6.1,1.51,0.11,2.0
HARARE_(BELVEDERE),158.7,3,159.72,-1.0,2.0,2,3.0,0.567,1.0,21.2,1.32,0.18,3.0
HARARE_(KUTSAGA),158.7,3,159.72,-1.0,2.0,2,3.0,0.567,1.0,21.2,1.32,0.18,3.0
HENKRIES,17.0,3,16.47,3.0,2.0,2,2.0,0.433,1.0,21.2,1.32,0.18,2.0
HERNDERSON,155.9,3,156.31,-0.0,2.0,2,3.0,0.5,1.0,21.2,1.32,0.18,3.0
HOSEA_KUTAKO_INTL_A,41.9,3,107.84,-61.0,1.0,2,1.0,0.067,0.0,-24.2,2.0,-0.21,1.0
HWANGE_NATIONAL_PAR,75.0,3,94.07,-20.0,2.0,2,2.0,0.433,1.0,21.2,1.32,0.18,2.0
J.G.H._VAN_DER_WATH_AIRP,33.4,3,32.31,3.0,2.0,2,3.0,0.567,1.0,21.2,1.32,0.18,3.0
JANSENVILLE,103.4,3,66.3,56.0,3.0,2,4.0,0.967,0.0,6.1,1.51,0.11,2.0
JOHANNESBURG_BOT._TUINE,178.0,3,147.84,20.0,3.0,2,4.0,0.833,0.0,6.1,1.51,0.11,2.0
JOHANNESBURG_INTNL._AIRPORT,201.5,3,156.49,29.0,3.0,2,4.0,0.9,0.0,6.1,1.51,0.11,2.0
JOUBERTINA,175.6,3,160.66,9.0,3.0,2,4.0,0.7,0.0,6.1,1.51,0.11,2.0
JWANENG,180.0,3,94.76,90.0,3.0,2,4.0,0.967,0.0,6.1,1.51,0.11,2.0
KADOMA,104.5,3,111.95,-7.0,2.0,2,2.0,0.467,1.0,21.2,1.32,0.18,2.0
KATHU,189.0,3,96.68,95.0,3.0,2,4.0,0.967,0.0,6.1,1.51,0.11,2.0
KEZI,67.3,3,81.7,-18.0,2.0,2,3.0,0.533,1.0,21.2,1.32,0.18,3.0
KHUTSE,154.2,3,79.26,95.0,3.0,2,4.0,0.967,0.0,6.1,1.51,0.11,2.0
KIMBERLEY,189.9,3,110.87,71.0,3.0,2,4.0,0.967,0.0,6.1,1.51,0.11,2.0
KLERKSDORP,133.2,3,130.07,2.0,2.0,2,3.0,0.6,1.0,21.2,1.32,0.18,3.0
KNYSNA,166.4,3,188.34,-12.0,2.0,2,2.0,0.4,1.0,21.2,1.32,0.18,2.0
KOINGNAAS,22.5,3,38.42,-41.0,1.0,2,1.0,0.2,0.0,-24.2,2.0,-0.21,1.0
KOPANE,101.4,3,115.36,-12.0,2.0,2,3.0,0.5,1.0,21.2,1.32,0.18,3.0
KURUMAN,196.3,3,100.53,95.0,3.0,2,4.0,0.967,0.0,6.1,1.51,0.11,2.0
KWEKWE,97.9,3,103.52,-5.0,2.0,2,2.0,0.467,1.0,21.2,1.32,0.18,2.0
LADISMITH,73.2,3,84.91,-14.0,1.0,2,1.0,0.3,0.0,-24.2,2.0,-0.21,1.0
LAINGSBURG,29.8,3,40.97,-27.0,1.0,2,1.0,0.2,0.0,-24.2,2.0,-0.21,1.0
LAMBERTS_BAY_NORTIER,67.5,3,63.89,6.0,2.0,2,3.0,0.633,1.0,21.2,1.32,0.18,3.0
LANGEBAANWEG,48.1,3,59.29,-19.0,1.0,2,1.0,0.233,0.0,-24.2,2.0,-0.21,1.0
LEPHALALE,63.8,3,78.92,-19.0,2.0,2,2.0,0.333,1.0,21.2,1.32,0.18,2.0
LEPHEPE,88.1,3,70.91,24.0,3.0,2,4.0,0.767,0.0,6.1,1.51,0.11,2.0
LETLHAKANE,62.8,3,58.42,8.0,2.0,2,3.0,0.533,1.0,21.2,1.32,0.18,3.0
LEVUBU,187.4,3,112.57,66.0,3.0,2,4.0,0.9,0.0,6.1,1.51,0.11,2.0
LICHTENBURG,181.5,3,132.68,37.0,3.0,2,4.0,0.833,0.0,6.1,1.51,0.11,2.0
LUDERITZ_AIRPORT,13.4,3,26.9,-50.0,1.0,2,1.0,0.0,0.0,-24.2,2.0,-0.21,1.0
MADIKWE_GAME_RESERVE,100.1,3,87.93,14.0,2.0,2,3.0,0.667,1.0,21.2,1.32,0.18,3.0
MAFIKENG,195.4,3,116.86,67.0,3.0,2,4.0,0.967,0.0,6.1,1.51,0.11,2.0
MAHALAPYE,66.1,3,85.85,-23.0,2.0,2,2.0,0.4,1.0,21.2,1.32,0.18,2.0
MAITENGWE,118.3,3,92.75,28.0,3.0,2,4.0,0.7,0.0,6.1,1.51,0.11,2.0
MAKOHOLI,82.3,3,82.01,0.0,2.0,2,3.0,0.567,1.0,21.2,1.32,0.18,3.0
MALMESBURY,88.5,3,97.05,-9.0,2.0,2,2.0,0.467,1.0,21.2,1.32,0.18,2.0
MARA,97.4,3,79.31,23.0,3.0,2,4.0,0.733,0.0,6.1,1.51,0.11,2.0
MARIENTAL,30.8,3,45.45,-32.0,1.0,2,1.0,0.3,0.0,-24.2,2.0,-0.21,1.0
MARKEN,60.8,3,86.07,-29.0,1.0,2,1.0,0.333,0.0,-24.2,2.0,-0.21,1.0
MASVINGO,106.3,3,108.86,-2.0,2.0,2,3.0,0.567,1.0,21.2,1.32,0.18,3.0
MATOPOS,88.1,3,100.52,-12.0,2.0,2,3.0,0.533,1.0,21.2,1.32,0.18,3.0
MAUN,143.1,3,71.45,100.0,3.0,2,4.0,1.0,0.0,6.1,1.51,0.11,2.0
MHONDORO,80.1,3,85.68,-7.0,2.0,2,2.0,0.433,1.0,21.2,1.32,0.18,2.0
MOLTENO_RESERVIOR,144.9,3,139.54,4.0,2.0,2,3.0,0.633,1.0,21.2,1.32,0.18,3.0
MOREMI,160.8,3,74.51,116.0,3.0,2,4.0,0.967,0.0,6.1,1.51,0.11,2.0
MOWE_BAY,36.0,3,37.44,-4.0,2.0,2,2.0,0.467,1.0,21.2,1.32,0.18,2.0
NGQURA_(COEGA),120.5,3,124.12,-3.0,2.0,2,3.0,0.567,1.0,21.2,1.32,0.18,3.0
NIEUWOUDTVILLE,42.0,3,65.53,-36.0,1.0,2,1.0,0.267,0.0,-24.2,2.0,-0.21,1.0
NKAYI,98.7,3,102.31,-4.0,2.0,2,3.0,0.5,1.0,21.2,1.32,0.18,3.0
NOUPOORT,184.8,3,95.81,93.0,3.0,2,4.0,1.0,0.0,6.1,1.51,0.11,2.0
OKAUKUEJO,63.4,3,89.48,-29.0,2.0,2,2.0,0.333,1.0,21.2,1.32,0.18,2.0
OMARURU,59.7,3,79.7,-25.0,2.0,2,2.0,0.333,1.0,21.2,1.32,0.18,2.0
OTJIWARONGO,64.0,3,91.97,-30.0,2.0,2,2.0,0.367,1.0,21.2,1.32,0.18,2.0
OTTOSDAL,189.5,3,132.36,43.0,3.0,2,4.0,0.9,0.0,6.1,1.51,0.11,2.0
OUDESTAD,118.9,3,112.62,6.0,2.0,2,3.0,0.567,1.0,21.2,1.32,0.18,3.0
OUDTSHOORN,67.9,3,74.24,-9.0,2.0,2,2.0,0.4,1.0,21.2,1.32,0.18,2.0
OUTJO,59.8,3,81.19,-26.0,2.0,2,2.0,0.433,1.0,21.2,1.32,0.18,2.0
PAARL,127.8,3,136.78,-7.0,2.0,2,3.0,0.5,1.0,21.2,1.32,0.18,3.0
PANDAMATENGA,119.2,3,81.86,46.0,3.0,2,4.0,0.8,0.0,6.1,1.51,0.11,2.0
PANDAMATENGA_2,119.2,3,81.86,46.0,3.0,2,4.0,0.8,0.0,6.1,1.51,0.11,2.0
PATENSIE,140.4,3,130.99,7.0,3.0,2,4.0,0.667,0.0,6.1,1.51,0.11,2.0
PILANESBERG,106.8,3,111.43,-4.0,2.0,2,3.0,0.633,1.0,21.2,1.32,0.18,3.0
PLETTENBERG_BAY,166.0,3,190.04,-13.0,2.0,2,2.0,0.367,1.0,21.2,1.32,0.18,2.0
PLUMTREE,95.1,3,107.28,-11.0,2.0,2,3.0,0.533,1.0,21.2,1.32,0.18,3.0
POFADDER,63.7,3,43.55,46.0,3.0,2,4.0,0.9,0.0,6.1,1.51,0.11,2.0
POLOKWANE,106.1,3,96.86,10.0,3.0,2,4.0,0.667,0.0,6.1,1.51,0.11,2.0
PORTERVILLE,87.6,3,86.01,2.0,2.0,2,3.0,0.633,1.0,21.2,1.32,0.18,3.0
PORT_ELIZABETH,120.5,3,124.12,-3.0,2.0,2,3.0,0.567,1.0,21.2,1.32,0.18,3.0
PORT_NOLLOTH,12.3,3,23.76,-48.0,1.0,2,1.0,0.1,0.0,-24.2,2.0,-0.21,1.0
POSTMASBURG,201.3,3,93.38,116.0,3.0,2,4.0,1.0,0.0,6.1,1.51,0.11,2.0
POTCHEFSTROOM,107.0,3,122.75,-13.0,2.0,2,3.0,0.533,1.0,21.2,1.32,0.18,3.0
POTCHEFSTROOM_UPPER,107.0,3,122.75,-13.0,2.0,2,3.0,0.533,1.0,21.2,1.32,0.18,3.0
POTGIETERSRUS,101.4,3,115.36,-12.0,2.0,2,3.0,0.5,1.0,21.2,1.32,0.18,3.0
PRETORIA_(IRENE),176.5,3,140.3,26.0,3.0,2,4.0,0.867,0.0,6.1,1.51,0.11,2.0
PRETORIA_EENDRACHT,145.0,3,139.77,4.0,3.0,2,4.0,0.667,0.0,6.1,1.51,0.11,2.0
PRETORIA_EENDRACHT_2,145.0,3,139.77,4.0,3.0,2,4.0,0.667,0.0,6.1,1.51,0.11,2.0
PRETORIA_UNISA,176.5,3,140.3,26.0,3.0,2,4.0,0.867,0.0,6.1,1.51,0.11,2.0
PRIESKA,181.1,3,80.18,126.0,3.0,2,4.0,1.0,0.0,6.1,1.51,0.11,2.0
RIVERSDALE,109.2,3,111.16,-2.0,2.0,2,2.0,0.467,1.0,21.2,1.32,0.18,2.0
ROBERTSON,98.4,3,88.69,11.0,2.0,2,3.0,0.633,1.0,21.2,1.32,0.18,3.0
RUPIKE,134.9,3,104.42,29.0,3.0,2,4.0,0.767,0.0,6.1,1.51,0.11,2.0
RUSTENBURG,117.9,3,124.44,-5.0,2.0,2,3.0,0.6,1.0,21.2,1.32,0.18,3.0
SELEBI-PHIKWE,43.9,3,62.89,-30.0,2.0,2,2.0,0.4,1.0,21.2,1.32,0.18,2.0
SERETSE_KHAMA_INTERNATIONAL_AIRPORT,107.6,3,92.63,16.0,3.0,2,4.0,0.733,0.0,6.1,1.51,0.11,2.0
SLANGKOP,156.2,3,150.78,4.0,2.0,2,3.0,0.6,1.0,21.2,1.32,0.18,3.0
SOMERSET_EAST,166.9,3,120.09,39.0,3.0,2,4.0,0.933,0.0,6.1,1.51,0.11,2.0
SOMERSET_EAST_2,87.1,3,81.76,7.0,3.0,2,4.0,0.667,0.0,6.1,1.51,0.11,2.0
SPRINGBOK,22.7,3,43.12,-47.0,1.0,2,1.0,0.133,0.0,-24.2,2.0,-0.21,1.0
STATION_FOR_ID_WMO_68188,275.0,3,206.56,33.0,3.0,2,4.0,0.8,0.0,6.1,1.51,0.11,2.0
STILBAAI,121.2,3,117.65,3.0,2.0,2,2.0,0.5,1.0,21.2,1.32,0.18,2.0
STRAND,174.6,3,162.45,7.0,3.0,2,4.0,0.7,0.0,6.1,1.51,0.11,2.0
SUA-PAN,88.1,3,63.89,38.0,3.0,2,4.0,0.733,0.0,6.1,1.51,0.11,2.0
SUTHERLAND,63.6,3,70.59,-10.0,2.0,2,2.0,0.4,1.0,21.2,1.32,0.18,2.0
TAUNG,197.9,3,108.55,82.0,3.0,2,4.0,0.967,0.0,6.1,1.51,0.11,2.0
THABAZIMBI,78.3,3,121.17,-35.0,1.0,2,1.0,0.1,0.0,-24.2,2.0,-0.21,1.0
THOHOYANDOU,187.4,3,112.57,66.0,3.0,2,4.0,0.9,0.0,6.1,1.51,0.11,2.0
TOUWS_RIVER,65.0,3,71.01,-8.0,2.0,2,2.0,0.4,1.0,21.2,1.32,0.18,2.0
TSABONG,157.3,3,70.94,122.0,3.0,2,4.0,1.0,0.0,6.1,1.51,0.11,2.0
TSHANE,126.5,3,76.18,66.0,3.0,2,4.0,0.9,0.0,6.1,1.51,0.11,2.0
TSHIPISE,110.6,3,73.76,50.0,3.0,2,4.0,0.767,0.0,6.1,1.51,0.11,2.0
TSITSIKAMMA,349.6,3,360.67,-3.0,2.0,2,3.0,0.533,1.0,21.2,1.32,0.18,3.0
TULI,57.1,3,66.57,-14.0,2.0,2,3.0,0.567,1.0,21.2,1.32,0.18,3.0
TWEE_RIVIEREN,113.5,3,60.46,88.0,3.0,2,4.0,1.0,0.0,6.1,1.51,0.11,2.0
TYGERHOEK,125.5,3,107.99,16.0,3.0,2,4.0,0.733,0.0,6.1,1.51,0.11,2.0
UIS,19.8,3,31.11,-36.0,1.0,2,1.0,0.3,0.0,-24.2,2.0,-0.21,1.0
UITENHAGE,92.7,3,97.37,-5.0,2.0,2,3.0,0.533,1.0,21.2,1.32,0.18,3.0
UPINGTON_AGR.,127.4,3,58.87,116.0,3.0,2,4.0,1.0,0.0,6.1,1.51,0.11,2.0
VAALHOEK,93.7,3,53.43,75.0,3.0,2,4.0,0.967,0.0,6.1,1.51,0.11,2.0
VANRHYSDORP,26.2,3,34.13,-23.0,1.0,2,1.0,0.333,0.0,-24.2,2.0,-0.21,1.0
VANWYKSVLEI,96.6,3,59.45,62.0,3.0,2,4.0,0.933,0.0,6.1,1.51,0.11,2.0
VAN_ZYLSRUS,114.9,3,58.12,98.0,3.0,2,4.0,1.0,0.0,6.1,1.51,0.11,2.0
VENTERSDORP,100.9,3,126.1,-20.0,2.0,2,2.0,0.4,1.0,21.2,1.32,0.18,2.0
VENTERSTAD,138.6,3,108.74,27.0,3.0,2,4.0,0.833,0.0,6.1,1.51,0.11,2.0
VICTORIA_FALLS,135.5,3,111.35,22.0,3.0,2,4.0,0.7,0.0,6.1,1.51,0.11,2.0
VIOOLSDRIF,4.3,3,8.41,-49.0,1.0,2,1.0,0.3,0.0,-24.2,2.0,-0.21,1.0
VREDENDAL,42.3,3,43.84,-4.0,2.0,2,3.0,0.6,1.0,21.2,1.32,0.18,3.0
VRYBURG,225.8,3,120.97,87.0,3.0,2,4.0,0.967,0.0,6.1,1.51,0.11,2.0
WALVIS_BAY_AIRPORT,1.2,3,22.1,-95.0,1.0,2,1.0,0.0,0.0,-24.2,2.0,-0.21,1.0
WARMBAD_TOWOOMBA,99.3,3,111.37,-11.0,2.0,2,2.0,0.5,1.0,21.2,1.32,0.18,2.0
WEDZA,121.6,3,120.48,1.0,2.0,2,3.0,0.533,1.0,21.2,1.32,0.18,3.0
WERDA,206.7,3,91.33,126.0,3.0,2,4.0,1.0,0.0,6.1,1.51,0.11,2.0
WEST_NICHOLSON,77.7,3,75.14,3.0,2.0,2,3.0,0.633,1.0,21.2,1.32,0.18,3.0
WILLOWMORE,104.2,3,85.29,22.0,3.0,2,4.0,0.767,0.0,6.1,1.51,0.11,2.0
WINDHOEK,41.0,3,104.25,-61.0,1.0,2,1.0,0.1,0.0,-24.2,2.0,-0.21,1.0
WORCESTER,102.8,3,96.65,6.0,2.0,2,3.0,0.567,1.0,21.2,1.32,0.18,3.0
ZAKA,109.8,3,105.64,4.0,2.0,2,3.0,0.633,1.0,21.2,1.32,0.18,3.0
ZVISHAVANE,80.1,3,79.18,1.0,2.0,2,3.0,0.533,1.0,21.2,1.32,0.18,3.0
ALIWAL_NORTH,200.7,3,140.59,43.0,3.0,2,4.0,0.833,0.0,6.1,1.51,0.11,2.0
BABANANGO,280.7,3,143.99,95.0,3.0,2,4.0,1.0,0.0,6.1,1.51,0.11,2.0
BARKLY_EAST,259.6,3,155.45,67.0,3.0,2,4.0,0.967,0.0,6.1,1.51,0.11,2.0
BELFAST,191.9,3,160.23,20.0,3.0,2,4.0,0.667,0.0,6.1,1.51,0.11,2.0
BETHAL,212.7,3,143.92,48.0,3.0,2,4.0,0.967,0.0,6.1,1.51,0.11,2.0
BETHLEHEM,205.3,3,145.43,41.0,3.0,2,4.0,0.9,0.0,6.1,1.51,0.11,2.0
BIG_BEND,140.9,3,114.74,23.0,3.0,2,4.0,0.733,0.0,6.1,1.51,0.11,2.0
BISHO,163.0,3,128.48,27.0,3.0,2,4.0,0.867,0.0,6.1,1.51,0.11,2.0
BLOEMFONTEIN_AIRPOR,237.1,3,133.21,78.0,3.0,2,4.0,1.0,0.0,6.1,1.51,0.11,2.0
BLOEMFONTEIN_CITY,239.2,3,129.29,85.0,3.0,2,4.0,1.0,0.0,6.1,1.51,0.11,2.0
BUTTERWORTH,263.4,3,159.25,65.0,3.0,2,4.0,1.0,0.0,6.1,1.51,0.11,2.0
CAROLINA,228.2,3,149.11,53.0,3.0,2,4.0,0.967,0.0,6.1,1.51,0.11,2.0
CEDARA,259.6,3,161.66,61.0,3.0,2,4.0,1.0,0.0,6.1,1.51,0.11,2.0
CHANGALANE,184.6,3,135.61,36.0,3.0,2,4.0,0.867,0.0,6.1,1.51,0.11,2.0
CHARTERS_CREEK,304.8,3,210.65,45.0,3.0,2,4.0,0.867,0.0,6.1,1.51,0.11,2.0
CHICUALACUALA,133.5,3,67.54,98.0,3.0,2,4.0,0.967,0.0,6.1,1.51,0.11,2.0
COFFEE_BAY,320.3,3,199.11,61.0,3.0,2,4.0,0.967,0.0,6.1,1.51,0.11,2.0
COFIMVABA,256.4,3,155.94,64.0,3.0,2,4.0,1.0,0.0,6.1,1.51,0.11,2.0
DOHNE,220.0,3,163.14,35.0,3.0,2,4.0,0.867,0.0,6.1,1.51,0.11,2.0
DURBAN-VIRGINIA,349.2,3,217.13,61.0,3.0,2,4.0,0.967,0.0,6.1,1.51,0.11,2.0
DURBAN_INTNL._AIRPORT,327.4,3,201.41,63.0,3.0,2,4.0,0.967,0.0,6.1,1.51,0.11,2.0
EAST_LONDON,245.8,3,184.73,33.0,3.0,2,4.0,0.9,0.0,6.1,1.51,0.11,2.0
ELLIOT,247.9,3,158.32,57.0,3.0,2,4.0,0.967,0.0,6.1,1.51,0.11,2.0
ERMELO,241.0,3,143.66,68.0,3.0,2,4.0,1.0,0.0,6.1,1.51,0.11,2.0
ESPUNGABERA,297.5,3,192.76,54.0,3.0,2,4.0,0.833,0.0,6.1,1.51,0.11,2.0
ESTCOURT,246.9,3,141.56,74.0,3.0,2,4.0,1.0,0.0,6.1,1.51,0.11,2.0
FICKSBURG,227.5,3,156.85,45.0,3.0,2,4.0,0.933,0.0,6.1,1.51,0.11,2.0
FORT_BEAUFORT,143.7,3,105.94,36.0,3.0,2,4.0,0.867,0.0,6.1,1.51,0.11,2.0
FRANKFORT-TNK,178.2,3,130.89,36.0,3.0,2,4.0,0.933,0.0,6.1,1.51,0.11,2.0
GIANTS_CASTLE,283.6,3,180.55,57.0,3.0,2,4.0,1.0,0.0,6.1,1.51,0.11,2.0
GLEN_COLLEGE_AWS,211.0,3,128.37,64.0,3.0,2,4.0,1.0,0.0,6.1,1.51,0.11,2.0
GRAHAMSTOWN,149.8,3,126.38,19.0,3.0,2,4.0,0.767,0.0,6.1,1.51,0.11,2.0
GRASKOP,304.5,3,235.21,29.0,3.0,2,4.0,0.833,0.0,6.1,1.51,0.11,2.0
GREYTOWN,346.9,3,168.5,106.0,3.0,2,4.0,1.0,0.0,6.1,1.51,0.11,2.0
HLATHIKHULU,243.2,3,164.84,48.0,3.0,2,4.0,0.967,0.0,6.1,1.51,0.11,2.0
HOEDSPRUIT,134.8,3,103.59,30.0,3.0,2,4.0,0.833,0.0,6.1,1.51,0.11,2.0
INHAMBANE,675.8,3,250.27,170.0,3.0,2,4.0,1.0,0.0,6.1,1.51,0.11,2.0
IXOPO,273.8,3,168.24,63.0,3.0,2,4.0,0.967,0.0,6.1,1.51,0.11,2.0
JAMESTOWN,206.7,3,142.11,45.0,3.0,2,4.0,0.9,0.0,6.1,1.51,0.11,2.0
KING_SHAKA_INT.L_AIRPORT,349.0,3,198.41,76.0,3.0,2,4.0,0.967,0.0,6.1,1.51,0.11,2.0
KOKSTAD,273.0,3,154.27,77.0,3.0,2,4.0,0.967,0.0,6.1,1.51,0.11,2.0
KOKSTAD_2,273.0,3,154.27,77.0,3.0,2,4.0,0.967,0.0,6.1,1.51,0.11,2.0
KOMATIDRAAI,198.0,3,129.36,53.0,3.0,2,4.0,0.867,0.0,6.1,1.51,0.11,2.0
KROONSTAD,186.5,3,136.65,36.0,3.0,2,4.0,0.8,0.0,6.1,1.51,0.11,2.0
LADYSMITH,233.1,3,131.39,77.0,3.0,2,4.0,0.967,0.0,6.1,1.51,0.11,2.0
LAVUMISA,215.6,3,144.44,49.0,3.0,2,4.0,0.967,0.0,6.1,1.51,0.11,2.0
LOMAHASHA,192.2,3,135.11,42.0,3.0,2,4.0,0.867,0.0,6.1,1.51,0.11,2.0
LYDENBURG,165.5,3,152.72,8.0,2.0,2,3.0,0.567,1.0,21.2,1.32,0.18,3.0
LYDENBURG_2,165.5,3,152.72,8.0,2.0,2,3.0,0.567,1.0,21.2,1.32,0.18,3.0
MAKATINI,164.5,3,116.89,41.0,3.0,2,4.0,0.9,0.0,6.1,1.51,0.11,2.0
MANDINI,317.9,3,190.06,67.0,3.0,2,4.0,1.0,0.0,6.1,1.51,0.11,2.0
MANZINI/MATSAPA_AIR,210.6,3,146.68,44.0,3.0,2,4.0,0.9,0.0,6.1,1.51,0.11,2.0
MAPULANGUENE,201.2,3,132.13,52.0,3.0,2,4.0,0.9,0.0,6.1,1.51,0.11,2.0
MAPUTO/MAVALANE,273.0,3,172.51,58.0,3.0,2,4.0,0.933,0.0,6.1,1.51,0.11,2.0
MARGATE,392.4,3,224.85,75.0,3.0,2,4.0,0.967,0.0,6.1,1.51,0.11,2.0
MASERU-MIA,229.6,3,151.79,51.0,3.0,2,4.0,0.933,0.0,6.1,1.51,0.11,2.0
MATATIELE,247.5,3,143.94,72.0,3.0,2,4.0,0.967,0.0,6.1,1.51,0.11,2.0
MAYIWANE,263.5,3,195.5,35.0,3.0,2,4.0,0.9,0.0,6.1,1.51,0.11,2.0
MAZEPPA_BAY,336.8,3,203.12,66.0,3.0,2,4.0,0.967,0.0,6.1,1.51,0.11,2.0
MBABANE,325.6,3,229.51,42.0,3.0,2,4.0,0.833,0.0,6.1,1.51,0.11,2.0
MBAZWANA_AIRFIELD,248.6,3,169.95,46.0,3.0,2,4.0,0.9,0.0,6.1,1.51,0.11,2.0
MOKHOTLONG,254.2,3,154.34,65.0,3.0,2,4.0,1.0,0.0,6.1,1.51,0.11,2.0
MOOI_RIVER,246.9,3,141.56,74.0,3.0,2,4.0,1.0,0.0,6.1,1.51,0.11,2.0
MOUNT_EDGECOMBE,349.0,3,198.41,76.0,3.0,2,4.0,0.967,0.0,6.1,1.51,0.11,2.0
MTUNZINI,332.6,3,204.21,63.0,3.0,2,4.0,0.967,0.0,6.1,1.51,0.11,2.0
NELSPRUIT,230.9,3,186.3,24.0,3.0,2,4.0,0.833,0.0,6.1,1.51,0.11,2.0
NEWCASTLE,235.9,3,127.8,85.0,3.0,2,4.0,1.0,0.0,6.1,1.51,0.11,2.0
NHLANGANO,251.9,3,147.77,70.0,3.0,2,4.0,0.967,0.0,6.1,1.51,0.11,2.0
ORIBI_AIRPORT,259.6,3,161.66,61.0,3.0,2,4.0,1.0,0.0,6.1,1.51,0.11,2.0
PADDOCK,392.4,3,224.85,75.0,3.0,2,4.0,0.967,0.0,6.1,1.51,0.11,2.0
PAFURI,137.2,3,72.37,90.0,3.0,2,4.0,0.933,0.0,6.1,1.51,0.11,2.0
PANDA,318.0,3,146.91,116.0,3.0,2,4.0,1.0,0.0,6.1,1.51,0.11,2.0
PHALABORWA,124.0,3,79.51,56.0,3.0,2,4.0,0.867,0.0,6.1,1.51,0.11,2.0
PIETERMARITZBURG,259.6,3,161.66,61.0,3.0,2,4.0,1.0,0.0,6.1,1.51,0.11,2.0
PIGGS_PEAK,301.0,3,243.28,24.0,3.0,2,4.0,0.8,0.0,6.1,1.51,0.11,2.0
PONGOLA,251.2,3,143.09,76.0,3.0,2,4.0,1.0,0.0,6.1,1.51,0.11,2.0
PORT_ALFRED,173.2,3,136.4,27.0,3.0,2,4.0,0.767,0.0,6.1,1.51,0.11,2.0
PORT_ALFRED_ARPORT,173.2,3,136.4,27.0,3.0,2,4.0,0.767,0.0,6.1,1.51,0.11,2.0
PORT_SHEPSTONE,337.1,3,197.7,71.0,3.0,2,4.0,0.967,0.0,6.1,1.51,0.11,2.0
PUNDA_MARIA,113.5,3,73.71,54.0,3.0,2,4.0,0.833,0.0,6.1,1.51,0.11,2.0
QACHA.S_NEK,222.7,3,122.15,82.0,3.0,2,4.0,1.0,0.0,6.1,1.51,0.11,2.0
QUEENSTOWN,196.5,3,133.08,48.0,3.0,2,4.0,1.0,0.0,6.1,1.51,0.11,2.0
QUEENSTOWN_2,196.5,3,133.08,48.0,3.0,2,4.0,1.0,0.0,6.1,1.51,0.11,2.0
RICHARDS_BAY,324.5,3,241.31,34.0,3.0,2,4.0,0.833,0.0,6.1,1.51,0.11,2.0
ROYAL_NATIONAL_PARK,248.2,3,156.07,59.0,3.0,2,4.0,0.967,0.0,6.1,1.51,0.11,2.0
SHALEBURN,298.9,3,204.83,46.0,3.0,2,4.0,1.0,0.0,6.1,1.51,0.11,2.0
SITEKI,197.3,3,139.64,41.0,3.0,2,4.0,0.933,0.0,6.1,1.51,0.11,2.0
SKUKUZA,185.6,3,113.87,63.0,3.0,2,4.0,0.9,0.0,6.1,1.51,0.11,2.0
SKUKUZA_2,185.6,3,113.87,63.0,3.0,2,4.0,0.9,0.0,6.1,1.51,0.11,2.0
SPRINGS,171.0,3,137.65,24.0,3.0,2,4.0,0.833,0.0,6.1,1.51,0.11,2.0
ULUNDI,256.3,3,145.86,76.0,3.0,2,4.0,1.0,0.0,6.1,1.51,0.11,2.0
UMTATA,267.1,3,166.23,61.0,3.0,2,4.0,0.967,0.0,6.1,1.51,0.11,2.0
VAN_REENEN,260.5,3,148.53,75.0,3.0,2,4.0,0.967,0.0,6.1,1.51,0.11,2.0
VEREENIGING,137.4,3,125.47,10.0,2.0,2,3.0,0.633,1.0,21.2,1.32,0.18,3.0
VILANCULOS,392.3,3,196.67,99.0,3.0,2,4.0,0.967,0.0,6.1,1.51,0.11,2.0
VREDE,213.5,3,114.3,87.0,3.0,2,4.0,0.967,0.0,6.1,1.51,0.11,2.0
VRYHEID,241.0,3,134.44,79.0,3.0,2,4.0,1.0,0.0,6.1,1.51,0.11,2.0
WELKOM,144.4,3,121.49,19.0,3.0,2,4.0,0.7,0.0,6.1,1.51,0.11,2.0
WEPENER,221.7,3,153.86,44.0,3.0,2,4.0,0.867,0.0,6.1,1.51,0.11,2.0
WITBANK,191.1,3,128.63,49.0,3.0,2,4.0,0.933,0.0,6.1,1.51,0.11,2.0
XAI_XAI,419.6,3,227.14,85.0,3.0,2,4.0,0.933,0.0,6.1,1.51,0.11,2.0
AMBOHITSILAOZANA,258.3,3,235.12,10.0,3.0,2,4.0,0.7,0.0,6.1,1.51,0.11,2.0
ANALALAVA,383.5,3,346.33,11.0,3.0,2,4.0,0.767,0.0,6.1,1.51,0.11,2.0
ANDAPA,738.4,3,686.51,8.0,3.0,2,4.0,0.667,0.0,6.1,1.51,0.11,2.0
ANTALAHA,931.0,3,805.67,16.0,3.0,2,4.0,0.8,0.0,6.1,1.51,0.11,2.0
ANTANANARIVO,324.8,3,249.97,30.0,3.0,2,4.0,0.833,0.0,6.1,1.51,0.11,2.0
ANTANANARIVO/IVATO,324.8,3,249.97,30.0,3.0,2,4.0,0.833,0.0,6.1,1.51,0.11,2.0
ANTSIRABE,420.5,3,293.94,43.0,3.0,2,4.0,0.933,0.0,6.1,1.51,0.11,2.0
ANTSIRANANA,409.8,3,288.86,42.0,3.0,2,4.0,0.833,0.0,6.1,1.51,0.11,2.0
ANTSOHIHY,314.7,3,304.0,4.0,3.0,2,4.0,0.667,0.0,6.1,1.51,0.11,2.0
FIANARANTSOA,245.6,3,248.85,-1.0,2.0,2,3.0,0.6,1.0,21.2,1.32,0.18,3.0
MAEVATANANA,311.9,3,313.21,-0.0,2.0,2,3.0,0.5,1.0,21.2,1.32,0.18,3.0
MAHAJANGA,260.4,3,272.39,-4.0,2.0,2,2.0,0.467,1.0,21.2,1.32,0.18,2.0
MAHANORO,586.6,3,676.68,-13.0,2.0,2,2.0,0.367,1.0,21.2,1.32,0.18,2.0
MANANJARY,699.6,3,779.52,-10.0,2.0,2,2.0,0.4,1.0,21.2,1.32,0.18,2.0
SAMBAVA,722.9,3,694.22,4.0,2.0,2,3.0,0.6,1.0,21.2,1.32,0.18,3.0
TOAMASINA,1107.6,3,1073.89,3.0,2.0,2,3.0,0.6,1.0,21.2,1.32,0.18,3.0
VOHEMAR,597.1,3,498.47,20.0,3.0,2,4.0,0.7,0.0,6.1,1.51,0.11,2.0
ANGOCHE,392.3,3,316.14,24.0,3.0,2,4.0,0.8,0.0,6.1,1.51,0.11,2.0
BOLERO,314.3,3,269.8,16.0,3.0,2,4.0,0.8,0.0,6.1,1.51,0.11,2.0
BVUMBWE,620.3,3,222.21,179.0,3.0,2,4.0,1.0,0.0,6.1,1.51,0.11,2.0
CHICHIRI,620.3,3,222.21,179.0,3.0,2,4.0,1.0,0.0,6.1,1.51,0.11,2.0
CHILEKA,284.7,3,137.67,107.0,3.0,2,4.0,1.0,0.0,6.1,1.51,0.11,2.0
CHIPATA,235.3,3,181.09,30.0,3.0,2,4.0,0.767,0.0,6.1,1.51,0.11,2.0
CHITEDZE,435.9,3,200.94,117.0,3.0,2,4.0,0.967,0.0,6.1,1.51,0.11,2.0
CHITIPA,673.3,3,524.18,28.0,3.0,2,4.0,0.9,0.0,6.1,1.51,0.11,2.0
CUAMBA,307.8,3,207.7,48.0,3.0,2,4.0,0.867,0.0,6.1,1.51,0.11,2.0
DEDZA,422.1,3,212.64,99.0,3.0,2,4.0,0.967,0.0,6.1,1.51,0.11,2.0
DODOMA,153.4,3,157.76,-3.0,2.0,2,3.0,0.533,1.0,21.2,1.32,0.18,3.0
HANDENI,485.0,3,470.09,3.0,3.0,2,4.0,0.7,0.0,6.1,1.51,0.11,2.0
IRINGA,343.3,3,222.95,54.0,3.0,2,4.0,0.933,0.0,6.1,1.51,0.11,2.0
IRINGA_2,343.3,3,222.95,54.0,3.0,2,4.0,0.933,0.0,6.1,1.51,0.11,2.0
ISOKA,355.6,3,274.19,30.0,3.0,2,4.0,0.933,0.0,6.1,1.51,0.11,2.0
KARONGA,727.2,3,573.87,27.0,3.0,2,4.0,0.867,0.0,6.1,1.51,0.11,2.0
KASAMA,352.3,3,343.26,3.0,2.0,2,2.0,0.5,1.0,21.2,1.32,0.18,2.0
KASUNGU,262.9,3,167.33,57.0,3.0,2,4.0,0.9,0.0,6.1,1.51,0.11,2.0
KILIMANJARO_AIRPORT,393.3,3,444.12,-11.0,2.0,2,2.0,0.433,1.0,21.2,1.32,0.18,2.0
LICHINGA,476.0,3,332.18,43.0,3.0,2,4.0,0.933,0.0,6.1,1.51,0.11,2.0
LICHINGA_2,476.0,3,332.18,43.0,3.0,2,4.0,0.933,0.0,6.1,1.51,0.11,2.0
LILONGWE_INT.L_AIRPORT,425.2,3,199.42,113.0,3.0,2,4.0,0.967,0.0,6.1,1.51,0.11,2.0
LUMBO,270.4,3,239.01,13.0,2.0,2,3.0,0.6,1.0,21.2,1.32,0.18,3.0
LUNDAZI,240.2,3,180.71,33.0,3.0,2,4.0,0.9,0.0,6.1,1.51,0.11,2.0
MAHENGE,830.2,3,933.66,-11.0,2.0,2,2.0,0.367,1.0,21.2,1.32,0.18,2.0
MAKANGA,463.6,3,178.72,159.0,3.0,2,4.0,1.0,0.0,6.1,1.51,0.11,2.0
MAKOKA,442.9,3,178.26,148.0,3.0,2,4.0,1.0,0.0,6.1,1.51,0.11,2.0
MANGOCHI,221.6,3,141.97,56.0,3.0,2,4.0,0.833,0.0,6.1,1.51,0.11,2.0
MARRUPA,307.9,3,256.44,20.0,3.0,2,4.0,0.667,0.0,6.1,1.51,0.11,2.0
MBALA,444.4,3,381.1,17.0,3.0,2,4.0,0.9,0.0,6.1,1.51,0.11,2.0
MBEYA,408.4,3,353.66,15.0,3.0,2,4.0,0.8,0.0,6.1,1.51,0.11,2.0
MFUWE,173.7,3,160.79,8.0,2.0,2,3.0,0.567,1.0,21.2,1.32,0.18,3.0
MIMOSA,760.1,3,371.23,105.0,3.0,2,4.0,1.0,0.0,6.1,1.51,0.11,2.0
MISAMFU,352.3,3,343.26,3.0,2.0,2,2.0,0.5,1.0,21.2,1.32,0.18,2.0
MOCIMBOA_DA_PRAIA,347.0,3,410.56,-15.0,1.0,2,1.0,0.333,0.0,-24.2,2.0,-0.21,1.0
MOCUBA,454.2,3,308.2,47.0,3.0,2,4.0,0.933,0.0,6.1,1.51,0.11,2.0
MONKEY_BAY,308.5,3,181.23,70.0,3.0,2,4.0,0.967,0.0,6.1,1.51,0.11,2.0
MONTEPUEZ,294.5,3,275.75,7.0,2.0,2,3.0,0.6,1.0,21.2,1.32,0.18,3.0
MOROGORO_(MET),412.6,3,462.18,-11.0,2.0,2,2.0,0.433,1.0,21.2,1.32,0.18,2.0
MOSHI,498.2,3,578.11,-14.0,2.0,2,2.0,0.4,1.0,21.2,1.32,0.18,2.0
MPIKA,199.8,3,181.19,10.0,2.0,2,3.0,0.6,1.0,21.2,1.32,0.18,3.0
MSEKERA,235.3,3,181.09,30.0,3.0,2,4.0,0.767,0.0,6.1,1.51,0.11,2.0
MTWARA,304.6,3,454.24,-33.0,1.0,2,1.0,0.067,0.0,-24.2,2.0,-0.21,1.0
MUEDA,415.5,3,406.19,2.0,2.0,2,3.0,0.567,1.0,21.2,1.32,0.18,3.0
MZIMBA,408.1,3,264.74,54.0,3.0,2,4.0,0.967,0.0,6.1,1.51,0.11,2.0
MZUZU,651.6,3,487.45,34.0,3.0,2,4.0,0.933,0.0,6.1,1.51,0.11,2.0
N.R.C.,506.4,3,211.17,140.0,3.0,2,4.0,1.0,0.0,6.1,1.51,0.11,2.0
NACHINGWEA,436.5,3,375.21,16.0,3.0,2,4.0,0.833,0.0,6.1,1.51,0.11,2.0
NAMPULA,386.4,3,301.54,28.0,3.0,2,4.0,0.833,0.0,6.1,1.51,0.11,2.0
NGABU,308.8,3,152.7,102.0,3.0,2,4.0,1.0,0.0,6.1,1.51,0.11,2.0
NKHATA_BAY,887.8,3,611.57,45.0,3.0,2,4.0,0.933,0.0,6.1,1.51,0.11,2.0
NKHOTA_KOTA,853.6,3,533.41,60.0,3.0,2,4.0,0.967,0.0,6.1,1.51,0.11,2.0
PEMBA,290.7,3,314.26,-7.0,2.0,2,2.0,0.4,1.0,21.2,1.32,0.18,2.0
SALIMA,509.0,3,372.83,37.0,3.0,2,4.0,0.8,0.0,6.1,1.51,0.11,2.0
SAME,204.6,3,259.51,-21.0,1.0,2,1.0,0.2,0.0,-24.2,2.0,-0.21,1.0
SINGIDA,215.9,3,216.21,-0.0,2.0,2,3.0,0.567,1.0,21.2,1.32,0.18,3.0
SONGEA,554.6,3,376.82,47.0,3.0,2,4.0,0.933,0.0,6.1,1.51,0.11,2.0
SUMBAWANGA,311.5,3,270.42,15.0,3.0,2,4.0,0.8,0.0,6.1,1.51,0.11,2.0
TABORA_AIRPORT,260.4,3,375.33,-31.0,1.0,2,1.0,0.067,0.0,-24.2,2.0,-0.21,1.0
TANGA,506.3,3,731.31,-31.0,1.0,2,1.0,0.167,0.0,-24.2,2.0,-0.21,1.0
THYOLO,826.5,3,289.19,186.0,3.0,2,4.0,1.0,0.0,6.1,1.51,0.11,2.0
ULONGUE,348.1,3,180.55,93.0,3.0,2,4.0,0.933,0.0,6.1,1.51,0.11,2.0
ARUSHA,399.3,3,514.27,-22.0,1.0,2,1.0,0.3,0.0,-24.2,2.0,-0.21,1.0
BAFWASENDE,556.4,3,508.49,9.0,3.0,2,4.0,0.833,0.0,6.1,1.51,0.11,2.0
BUKAVU/KAVUMU,412.1,3,423.36,-3.0,2.0,2,2.0,0.433,1.0,21.2,1.32,0.18,2.0
BUKOBA,987.5,3,881.86,12.0,3.0,2,4.0,0.833,0.0,6.1,1.51,0.11,2.0
BUNIA,309.1,3,353.79,-13.0,1.0,2,1.0,0.233,0.0,-24.2,2.0,-0.21,1.0
BUNIA-RUAMPARA,309.1,3,353.79,-13.0,1.0,2,1.0,0.233,0.0,-24.2,2.0,-0.21,1.0
BUTEMBO,349.9,3,361.4,-3.0,2.0,2,2.0,0.433,1.0,21.2,1.32,0.18,2.0
CAMAXILO,409.0,3,390.05,5.0,3.0,2,4.0,0.667,0.0,6.1,1.51,0.11,2.0
CARMONA,442.0,3,544.2,-19.0,1.0,2,1.0,0.133,0.0,-24.2,2.0,-0.21,1.0
CAZOMBO,419.6,3,288.21,46.0,3.0,2,4.0,0.967,0.0,6.1,1.51,0.11,2.0
DILOLO,336.3,3,326.93,3.0,2.0,2,3.0,0.567,1.0,21.2,1.32,0.18,3.0
DUNDO,415.6,3,382.25,9.0,3.0,2,4.0,0.767,0.0,6.1,1.51,0.11,2.0
GOMA,345.4,3,377.76,-9.0,1.0,2,1.0,0.267,0.0,-24.2,2.0,-0.21,1.0
ILEBO,495.9,3,467.57,6.0,3.0,2,4.0,0.7,0.0,6.1,1.51,0.11,2.0
INGA,343.3,3,416.55,-18.0,1.0,2,1.0,0.167,0.0,-24.2,2.0,-0.21,1.0
ISIRO,616.8,3,624.83,-1.0,2.0,2,2.0,0.4,1.0,21.2,1.32,0.18,2.0
KABOMPO,295.4,3,187.96,57.0,3.0,2,4.0,1.0,0.0,6.1,1.51,0.11,2.0
KAFIRONDA,255.7,3,254.77,0.0,2.0,2,3.0,0.5,1.0,21.2,1.32,0.18,3.0
KALEMIE,436.1,3,411.57,6.0,2.0,2,3.0,0.633,1.0,21.2,1.32,0.18,3.0
KALIMA,637.9,3,576.65,11.0,3.0,2,4.0,0.9,0.0,6.1,1.51,0.11,2.0
KAMINA/BASE,377.7,3,336.63,12.0,3.0,2,4.0,0.833,0.0,6.1,1.51,0.11,2.0
KANANGA,439.3,3,428.2,3.0,2.0,2,3.0,0.5,1.0,21.2,1.32,0.18,3.0
KASEMPA,382.0,3,230.61,66.0,3.0,2,4.0,1.0,0.0,6.1,1.51,0.11,2.0
KASONGO,402.7,3,376.55,7.0,3.0,2,4.0,0.767,0.0,6.1,1.51,0.11,2.0
KASONGO_2,402.7,3,376.55,7.0,3.0,2,4.0,0.767,0.0,6.1,1.51,0.11,2.0
KAWAMBWA,424.7,3,384.7,10.0,3.0,2,4.0,0.733,0.0,6.1,1.51,0.11,2.0
KENGE,496.6,3,485.0,2.0,2.0,2,3.0,0.567,1.0,21.2,1.32,0.18,3.0
KIGOMA,282.1,3,346.34,-19.0,1.0,2,1.0,0.1,0.0,-24.2,2.0,-0.21,1.0
KIGOMA_2,282.1,3,346.34,-19.0,1.0,2,1.0,0.1,0.0,-24.2,2.0,-0.21,1.0
KIKWIT,456.6,3,440.1,4.0,2.0,2,3.0,0.633,1.0,21.2,1.32,0.18,3.0
KINDU,513.5,3,467.6,10.0,3.0,2,4.0,0.8,0.0,6.1,1.51,0.11,2.0
KITONA,236.9,3,331.43,-29.0,1.0,2,1.0,0.133,0.0,-24.2,2.0,-0.21,1.0
KOLWEZI,472.1,3,312.1,51.0,3.0,2,4.0,0.933,0.0,6.1,1.51,0.11,2.0
KONGOLO,359.9,3,335.62,7.0,3.0,2,4.0,0.667,0.0,6.1,1.51,0.11,2.0
LODJA,420.7,3,419.86,0.0,2.0,2,3.0,0.533,1.0,21.2,1.32,0.18,3.0
LUANDA,216.9,3,224.89,-4.0,2.0,2,2.0,0.467,1.0,21.2,1.32,0.18,2.0
LUBUMBASHI-KARAVIA,326.1,3,253.33,29.0,3.0,2,4.0,0.867,0.0,6.1,1.51,0.11,2.0
LUBUMBASHI-LUANO,326.1,3,253.33,29.0,3.0,2,4.0,0.867,0.0,6.1,1.51,0.11,2.0
LUENA_(LUSO),302.6,3,278.44,9.0,2.0,2,3.0,0.6,1.0,21.2,1.32,0.18,3.0
LUPUTA,444.9,3,462.01,-4.0,2.0,2,2.0,0.367,1.0,21.2,1.32,0.18,2.0
LUSAMBO,403.0,3,438.61,-8.0,1.0,2,1.0,0.233,0.0,-24.2,2.0,-0.21,1.0
MALANGE,424.2,3,337.92,26.0,3.0,2,4.0,0.933,0.0,6.1,1.51,0.11,2.0
MAMBASA,433.7,3,472.63,-8.0,1.0,2,1.0,0.2,0.0,-24.2,2.0,-0.21,1.0
MANONO,411.5,3,337.01,22.0,3.0,2,4.0,0.9,0.0,6.1,1.51,0.11,2.0
MANSA,202.8,3,251.0,-19.0,1.0,2,1.0,0.233,0.0,-24.2,2.0,-0.21,1.0
MAQUELA_DO_ZOMBO,438.7,3,441.45,-1.0,2.0,2,2.0,0.467,1.0,21.2,1.32,0.18,2.0
MATADI,326.0,3,394.03,-17.0,1.0,2,1.0,0.167,0.0,-24.2,2.0,-0.21,1.0
MBANZA_CONGO,434.6,3,474.2,-8.0,1.0,2,1.0,0.2,0.0,-24.2,2.0,-0.21,1.0
MBUJI-MAYI,373.5,3,401.62,-7.0,2.0,2,2.0,0.333,1.0,21.2,1.32,0.18,2.0
MITWABA,384.6,3,342.77,12.0,3.0,2,4.0,0.833,0.0,6.1,1.51,0.11,2.0
MKUSHI,146.5,3,144.34,1.0,2.0,2,3.0,0.533,1.0,21.2,1.32,0.18,3.0
MUSOMA,560.9,3,491.01,14.0,3.0,2,4.0,0.767,0.0,6.1,1.51,0.11,2.0
MWANZA,415.4,3,409.37,1.0,2.0,2,2.0,0.467,1.0,21.2,1.32,0.18,2.0
MWINILUNGA,557.6,3,317.38,76.0,3.0,2,4.0,0.967,0.0,6.1,1.51,0.11,2.0
N.DALATANDO,443.2,3,430.11,3.0,2.0,2,2.0,0.4,1.0,21.2,1.32,0.18,2.0
NBANZA-KONGO,434.6,3,474.2,-8.0,1.0,2,1.0,0.2,0.0,-24.2,2.0,-0.21,1.0
NDOLA,274.8,3,235.73,17.0,3.0,2,4.0,0.7,0.0,6.1,1.51,0.11,2.0
NEGAGE,419.2,3,464.15,-10.0,1.0,2,1.0,0.167,0.0,-24.2,2.0,-0.21,1.0
NOQUI,326.0,3,394.03,-17.0,1.0,2,1.0,0.167,0.0,-24.2,2.0,-0.21,1.0
RUTSHURU,360.5,3,387.6,-7.0,2.0,2,2.0,0.4,1.0,21.2,1.32,0.18,2.0
SANDOA,365.2,3,311.09,17.0,3.0,2,4.0,0.867,0.0,6.1,1.51,0.11,2.0
SAURIMO_(HENRIQUE_DE_CARVALHO),353.8,3,351.15,1.0,2.0,2,3.0,0.533,1.0,21.2,1.32,0.18,3.0
SERENJE,209.7,3,183.66,14.0,2.0,2,3.0,0.567,1.0,21.2,1.32,0.18,3.0
SHINYANGA,296.4,3,327.85,-10.0,2.0,2,2.0,0.467,1.0,21.2,1.32,0.18,2.0
SOLWEZI,464.9,3,296.34,57.0,3.0,2,4.0,1.0,0.0,6.1,1.51,0.11,2.0
TOTO,373.0,3,438.02,-15.0,1.0,2,1.0,0.167,0.0,-24.2,2.0,-0.21,1.0
TSHIKAPA,361.1,3,348.48,4.0,2.0,2,3.0,0.633,1.0,21.2,1.32,0.18,3.0
WALIKALE,642.6,3,598.08,7.0,3.0,2,4.0,0.833,0.0,6.1,1.51,0.11,2.0
WATSA,448.5,3,486.93,-8.0,1.0,2,1.0,0.267,0.0,-24.2,2.0,-0.21,1.0
BANDUNDU,490.5,3,476.55,3.0,2.0,2,3.0,0.567,1.0,21.2,1.32,0.18,3.0
BASANKUSU,590.4,3,514.71,15.0,3.0,2,4.0,0.9,0.0,6.1,1.51,0.11,2.0
BASOKO,517.1,3,509.41,2.0,2.0,2,3.0,0.633,1.0,21.2,1.32,0.18,3.0
BONDO,500.1,3,452.76,10.0,3.0,2,4.0,0.733,0.0,6.1,1.51,0.11,2.0
BUMBA,498.0,3,480.93,4.0,2.0,2,3.0,0.6,1.0,21.2,1.32,0.18,3.0
BUTA,474.9,3,451.24,5.0,3.0,2,4.0,0.667,0.0,6.1,1.51,0.11,2.0
GEMENA,398.2,3,471.27,-16.0,1.0,2,1.0,0.167,0.0,-24.2,2.0,-0.21,1.0
INONGO,508.2,3,481.36,6.0,2.0,2,3.0,0.633,1.0,21.2,1.32,0.18,3.0
KINSHASA/BINZA,562.3,3,511.58,10.0,3.0,2,4.0,0.733,0.0,6.1,1.51,0.11,2.0
KINSHASA/N_DJILI,590.3,3,530.86,11.0,3.0,2,4.0,0.733,0.0,6.1,1.51,0.11,2.0
KINSHASA/N_DOLO,590.3,3,530.86,11.0,3.0,2,4.0,0.733,0.0,6.1,1.51,0.11,2.0
KISANGANI,499.9,3,465.29,7.0,3.0,2,4.0,0.8,0.0,6.1,1.51,0.11,2.0
LIBENGE,383.0,3,422.02,-9.0,2.0,2,2.0,0.367,1.0,21.2,1.32,0.18,2.0
LISALA,425.2,3,444.44,-4.0,2.0,2,2.0,0.4,1.0,21.2,1.32,0.18,2.0
LUOZI,499.3,3,481.69,4.0,2.0,2,3.0,0.567,1.0,21.2,1.32,0.18,3.0
MBANDAKA,524.4,3,437.56,20.0,3.0,2,4.0,0.967,0.0,6.1,1.51,0.11,2.0
BEIRA,756.8,3,460.94,64.0,3.0,2,4.0,0.933,0.0,6.1,1.51,0.11,2.0
BIE_(SILVA_PORTO),294.3,3,287.94,2.0,2.0,2,3.0,0.567,1.0,21.2,1.32,0.18,3.0
CAIA,382.2,3,235.33,62.0,3.0,2,4.0,0.967,0.0,6.1,1.51,0.11,2.0
CATANDICA,501.3,3,277.97,80.0,3.0,2,4.0,0.933,0.0,6.1,1.51,0.11,2.0
CHIMOIO,290.3,3,213.26,36.0,3.0,2,4.0,0.733,0.0,6.1,1.51,0.11,2.0
CHOMA,128.6,3,119.09,8.0,2.0,2,3.0,0.6,1.0,21.2,1.32,0.18,3.0
GRASSLANDS,177.6,3,151.91,17.0,3.0,2,4.0,0.7,0.0,6.1,1.51,0.11,2.0
GURUVE,121.8,3,127.35,-4.0,2.0,2,3.0,0.567,1.0,21.2,1.32,0.18,3.0
HUAMBO_(NOVA_LISBOA),372.3,3,335.15,11.0,3.0,2,4.0,0.7,0.0,6.1,1.51,0.11,2.0
KABWE,168.7,3,154.49,9.0,2.0,2,3.0,0.533,1.0,21.2,1.32,0.18,3.0
KABWE_AGRIC,168.7,3,154.49,9.0,2.0,2,3.0,0.533,1.0,21.2,1.32,0.18,3.0
KAFUE_POLDER,110.0,3,98.91,11.0,2.0,2,3.0,0.6,1.0,21.2,1.32,0.18,3.0
KALABO,465.1,3,296.77,57.0,3.0,2,4.0,0.9,0.0,6.1,1.51,0.11,2.0
KANYEMBA,76.3,3,103.35,-26.0,2.0,2,2.0,0.4,1.0,21.2,1.32,0.18,2.0
KAOMA,200.2,3,145.37,38.0,3.0,2,4.0,0.9,0.0,6.1,1.51,0.11,2.0
KARIBA,113.7,3,132.63,-14.0,2.0,2,2.0,0.433,1.0,21.2,1.32,0.18,2.0
KAROI,142.2,3,129.11,10.0,2.0,2,3.0,0.633,1.0,21.2,1.32,0.18,3.0
KASANE,117.4,3,87.58,34.0,3.0,2,4.0,0.833,0.0,6.1,1.51,0.11,2.0
LIVINGSTONE,134.4,3,112.37,20.0,3.0,2,4.0,0.667,0.0,6.1,1.51,0.11,2.0
LOBITO,193.6,3,174.24,11.0,2.0,2,3.0,0.6,1.0,21.2,1.32,0.18,3.0
LUBANGO_(SA_DA_BAND,173.3,3,252.48,-31.0,1.0,2,1.0,0.067,0.0,-24.2,2.0,-0.21,1.0
LUSAKA_CITY_AIRPORT,120.8,3,116.98,3.0,2.0,2,3.0,0.567,1.0,21.2,1.32,0.18,3.0
LUSAKA_INTERNATIONAL_AIRPORT,120.8,3,116.98,3.0,2.0,2,3.0,0.567,1.0,21.2,1.32,0.18,3.0
MAGOYE,85.7,3,92.2,-7.0,2.0,2,2.0,0.5,1.0,21.2,1.32,0.18,2.0
MAVINGA,176.2,3,165.93,6.0,2.0,2,3.0,0.667,1.0,21.2,1.32,0.18,3.0
MAVINGA_2,176.2,3,165.93,6.0,2.0,2,3.0,0.667,1.0,21.2,1.32,0.18,3.0
MENONGUE_(SERPA_PIN,206.6,3,242.8,-15.0,1.0,2,1.0,0.233,0.0,-24.2,2.0,-0.21,1.0
MOCAMEDES,26.7,3,48.33,-45.0,1.0,2,1.0,0.167,0.0,-24.2,2.0,-0.21,1.0
MONBACA_(BENGUELA),138.0,3,126.69,9.0,2.0,2,3.0,0.567,1.0,21.2,1.32,0.18,3.0
MONGU,286.3,3,183.91,56.0,3.0,2,4.0,0.933,0.0,6.1,1.51,0.11,2.0
MOUNT_DARWIN,133.8,3,102.29,31.0,3.0,2,4.0,0.767,0.0,6.1,1.51,0.11,2.0
MOUNT_MAKULU,121.0,3,115.31,5.0,2.0,2,3.0,0.5,1.0,21.2,1.32,0.18,3.0
MUKANDI,328.1,3,267.47,23.0,3.0,2,4.0,0.767,0.0,6.1,1.51,0.11,2.0
MUMBWA,131.1,3,114.98,14.0,3.0,2,4.0,0.667,0.0,6.1,1.51,0.11,2.0
MUTOKO,125.1,3,110.52,13.0,3.0,2,4.0,0.667,0.0,6.1,1.51,0.11,2.0
MVURWI,149.7,3,144.64,4.0,2.0,2,3.0,0.6,1.0,21.2,1.32,0.18,3.0
ONDANGWA,100.9,3,101.72,-1.0,2.0,2,3.0,0.633,1.0,21.2,1.32,0.18,3.0
PEBANE,480.1,3,475.01,1.0,2.0,2,3.0,0.533,1.0,21.2,1.32,0.18,3.0
PEREIRA_DE_ECA,106.5,3,122.12,-13.0,2.0,2,3.0,0.5,1.0,21.2,1.32,0.18,3.0
PETAUKE,123.6,3,134.79,-8.0,2.0,2,2.0,0.4,1.0,21.2,1.32,0.18,2.0
QUELIMANE,519.1,3,368.73,41.0,3.0,2,4.0,0.867,0.0,6.1,1.51,0.11,2.0
ROCADAS,95.0,3,149.52,-36.0,1.0,2,1.0,0.233,0.0,-24.2,2.0,-0.21,1.0
RUNDU,145.3,3,118.12,23.0,3.0,2,4.0,0.767,0.0,6.1,1.51,0.11,2.0
RUSAPE,132.4,3,107.71,23.0,3.0,2,4.0,0.8,0.0,6.1,1.51,0.11,2.0
SENANGA,257.9,3,142.27,81.0,3.0,2,4.0,1.0,0.0,6.1,1.51,0.11,2.0
SESHEKE,139.9,3,104.39,34.0,3.0,2,4.0,0.767,0.0,6.1,1.51,0.11,2.0
SHAKAWE,228.7,3,104.36,119.0,3.0,2,4.0,1.0,0.0,6.1,1.51,0.11,2.0
SONGO,72.7,3,75.12,-3.0,2.0,2,2.0,0.467,1.0,21.2,1.32,0.18,2.0
SUMBE,271.9,3,246.49,10.0,2.0,2,3.0,0.6,1.0,21.2,1.32,0.18,3.0
TETE,100.3,3,83.52,20.0,2.0,2,3.0,0.633,1.0,21.2,1.32,0.18,3.0
WAKU_KUNGU_(CELA),325.6,3,331.21,-2.0,2.0,2,3.0,0.567,1.0,21.2,1.32,0.18,3.0
WYANGA,250.6,3,173.74,44.0,3.0,2,4.0,0.867,0.0,6.1,1.51,0.11,2.0
ZAMBEZI,263.7,3,162.82,62.0,3.0,2,4.0,0.967,0.0,6.1,1.51,0.11,2.0
ZUMBO,76.3,3,103.35,-26.0,2.0,2,2.0,0.4,1.0,21.2,1.32,0.18,2.0
BESALAMPY,152.0,2,191.18,-20.0,1.0,2,1.0,0.3,0.0,6.1,1.51,0.14,2.0
MOROMBE,18.4,2,48.89,-62.0,1.0,2,1.0,0.1,0.0,6.1,1.51,0.14,2.0
MORONDAVA,121.2,2,110.61,10.0,2.0,2,3.0,0.633,1.0,21.2,1.32,0.18,2.0
TOLIARA,57.9,2,61.62,-6.0,2.0,2,2.0,0.467,1.0,21.2,1.32,0.18,3.0
FAUX-CAP,77.2,2,88.17,-12.0,2.0,2,2.0,0.5,1.0,21.2,1.32,0.18,3.0
RANOHIRA,119.9,2,138.81,-14.0,2.0,2,2.0,0.5,1.0,21.2,1.32,0.18,3.0
TAOLAGNARO,225.2,2,233.9,-4.0,2.0,2,3.0,0.533,1.0,21.2,1.32,0.18,2.0
HAHAYA_INT._AIRPORT,690.0,3,806.72,-14.0,1.0,2,1.0,0.3,0.0,-24.2,2.0,-0.21,1.0
